OrderID,Date,Year,Month,Region,State,City,Product,Category,SalesAmount,Cost,Quantity
1001,15-10-2023,2023,Oct,South,Tamil Nadu,Chennai,Laptop,Electronics,50067,37141,1
1002,15-05-2023,2023,May,North,Punjab,Amritsar,Chair,Furniture,8862,5917,3
1003,12-05-2023,2023,May,North,Punjab,Amritsar,Chair,Furniture,5931,4952,4
1004,11-10-2023,2023,Oct,West,Gujarat,Ahmedabad,Tablet,Electronics,22965,17710,3
1005,25-07-2024,2024,Jul,West,Gujarat,Surat,Desk,Furniture,10717,7188,2
1006,26-06-2023,2023,Jun,West,Maharashtra,Mumbai,Sofa,Furniture,23476,18930,3
1007,02-01-2024,2024,Jan,South,Karnataka,Bangalore,Tablet,Electronics,20891,12579,1
1008,15-04-2023,2023,Apr,West,Maharashtra,Mumbai,Laptop,Electronics,67693,55581,4
1009,19-07-2024,2024,Jul,West,Gujarat,Surat,Chair,Furniture,6183,4487,1
1010,04-05-2023,2023,May,South,Karnataka,Bangalore,Chair,Furniture,9335,6772,2
1011,12-11-2024,2024,Nov,North,Delhi,Delhi,Sofa,Furniture,21597,15687,4
1012,30-06-2023,2023,Jun,West,Maharashtra,Mumbai,Laptop,Electronics,43930,34105,2
1013,07-11-2023,2023,Nov,West,Gujarat,Surat,Sofa,Furniture,19424,15155,4
1014,01-04-2024,2024,Apr,North,Delhi,Delhi,Table,Furniture,7504,5780,2
1015,26-09-2024,2024,Sep,South,Kerala,Kochi,Chair,Furniture,9543,5943,3
1016,16-06-2023,2023,Jun,North,Punjab,Amritsar,Sofa,Furniture,29615,17770,5
1017,04-02-2023,2023,Feb,North,Delhi,Delhi,Tablet,Electronics,15535,12106,4
1018,11-07-2024,2024,Jul,North,Punjab,Amritsar,Chair,Furniture,5971,4313,3
1019,07-01-2023,2023,Jan,North,Punjab,Amritsar,Desk,Furniture,12627,9713,4
1020,21-05-2024,2024,May,South,Tamil Nadu,Chennai,Desk,Furniture,6942,5257,2
1021,24-09-2024,2024,Sep,South,Kerala,Kochi,Laptop,Electronics,41401,33404,5
1022,27-11-2024,2024,Nov,South,Karnataka,Bangalore,Chair,Furniture,8292,6435,2
1023,18-09-2024,2024,Sep,North,Punjab,Amritsar,Chair,Furniture,8697,5909,1
1024,14-07-2023,2023,Jul,North,Delhi,Delhi,Laptop,Electronics,63966,39065,2
1025,09-11-2023,2023,Nov,West,Maharashtra,Mumbai,Laptop,Electronics,48808,39988,1
1026,13-09-2023,2023,Sep,South,Kerala,Kochi,Table,Furniture,9245,6744,3
1027,11-05-2024,2024,May,North,Delhi,Delhi,Tablet,Electronics,26724,16851,5
1028,26-10-2023,2023,Oct,South,Tamil Nadu,Chennai,Desk,Furniture,9058,6606,5
1029,26-02-2024,2024,Feb,South,Kerala,Kochi,Desk,Furniture,8277,5126,3
1030,09-07-2024,2024,Jul,West,Maharashtra,Mumbai,Chair,Furniture,8151,5844,4
1031,17-06-2023,2023,Jun,West,Maharashtra,Mumbai,Tablet,Electronics,23266,14185,5
1032,26-11-2024,2024,Nov,North,Delhi,Delhi,Mobile,Electronics,29747,23168,4
1033,03-10-2023,2023,Oct,West,Maharashtra,Mumbai,Laptop,Electronics,44320,28236,2
1034,11-05-2024,2024,May,West,Gujarat,Ahmedabad,Chair,Furniture,7857,5392,1
1035,22-12-2023,2023,Dec,North,Punjab,Amritsar,Sofa,Furniture,35687,27211,3
1036,01-04-2023,2023,Apr,West,Gujarat,Surat,Chair,Furniture,4084,2778,5
1037,30-12-2024,2024,Dec,West,Maharashtra,Mumbai,Sofa,Furniture,18194,11493,3
1038,03-08-2024,2024,Aug,North,Delhi,Delhi,Sofa,Furniture,26592,18001,1
1039,16-02-2024,2024,Feb,West,Maharashtra,Mumbai,Laptop,Electronics,67370,52753,2
1040,16-09-2024,2024,Sep,North,Punjab,Amritsar,Laptop,Electronics,61750,43237,4
1041,13-04-2024,2024,Apr,North,Delhi,Delhi,Tablet,Electronics,30692,20238,5
1042,05-06-2023,2023,Jun,West,Gujarat,Surat,Desk,Furniture,8546,5591,5
1043,21-03-2023,2023,Mar,South,Tamil Nadu,Chennai,Tablet,Electronics,17192,13894,5
1044,15-02-2024,2024,Feb,North,Punjab,Amritsar,Tablet,Electronics,23872,19103,3
1045,14-10-2024,2024,Oct,West,Gujarat,Ahmedabad,Sofa,Furniture,38630,32200,1
1046,05-04-2023,2023,Apr,North,Punjab,Amritsar,Table,Furniture,16797,10648,1
1047,23-08-2024,2024,Aug,West,Maharashtra,Mumbai,Sofa,Furniture,28286,18087,5
1048,09-09-2023,2023,Sep,North,Delhi,Delhi,Table,Furniture,8340,6772,4
1049,29-08-2024,2024,Aug,North,Delhi,Delhi,Laptop,Electronics,53830,43280,5
1050,30-10-2023,2023,Oct,North,Punjab,Amritsar,Sofa,Furniture,28523,23935,5
1051,03-06-2024,2024,Jun,West,Gujarat,Ahmedabad,Laptop,Electronics,50391,34218,4
1052,30-11-2023,2023,Nov,South,Karnataka,Bangalore,Chair,Furniture,3222,2473,1
1053,18-07-2024,2024,Jul,South,Kerala,Kochi,Laptop,Electronics,68322,52308,4
1054,23-01-2023,2023,Jan,North,Punjab,Amritsar,Tablet,Electronics,27909,18744,1
1055,30-08-2023,2023,Aug,North,Delhi,Delhi,Table,Furniture,9352,7145,2
1056,02-02-2023,2023,Feb,West,Gujarat,Surat,Mobile,Electronics,22817,16851,3
1057,23-05-2023,2023,May,South,Kerala,Kochi,Mobile,Electronics,16523,13807,5
1058,02-12-2023,2023,Dec,West,Gujarat,Surat,Desk,Furniture,11558,8761,2
1059,31-05-2024,2024,May,West,Gujarat,Ahmedabad,Tablet,Electronics,19705,15260,3
1060,24-04-2024,2024,Apr,South,Karnataka,Bangalore,Mobile,Electronics,19385,11906,2
1061,18-07-2024,2024,Jul,South,Kerala,Kochi,Desk,Furniture,9598,5938,4
1062,06-06-2023,2023,Jun,South,Karnataka,Bangalore,Mobile,Electronics,12916,9158,5
1063,10-08-2024,2024,Aug,South,Karnataka,Bangalore,Sofa,Furniture,26496,16944,4
1064,01-05-2024,2024,May,North,Delhi,Delhi,Table,Furniture,12233,9466,3
1065,06-07-2024,2024,Jul,South,Karnataka,Bangalore,Tablet,Electronics,33619,20551,4
1066,24-07-2024,2024,Jul,South,Karnataka,Bangalore,Laptop,Electronics,62809,43640,3
1067,16-02-2023,2023,Feb,South,Kerala,Kochi,Table,Furniture,7277,4837,2
1068,18-08-2024,2024,Aug,South,Tamil Nadu,Chennai,Tablet,Electronics,31670,22033,1
1069,01-07-2023,2023,Jul,North,Delhi,Delhi,Mobile,Electronics,29638,23940,3
1070,17-01-2023,2023,Jan,West,Gujarat,Ahmedabad,Desk,Furniture,5569,3551,2
1071,03-09-2023,2023,Sep,South,Tamil Nadu,Chennai,Chair,Furniture,3521,2615,3
1072,19-01-2024,2024,Jan,South,Kerala,Kochi,Chair,Furniture,7124,5029,3
1073,11-03-2024,2024,Mar,South,Kerala,Kochi,Laptop,Electronics,57825,45228,2
1074,15-01-2024,2024,Jan,North,Delhi,Delhi,Tablet,Electronics,15824,13328,5
1075,06-12-2024,2024,Dec,South,Kerala,Kochi,Tablet,Electronics,19143,14024,4
1076,18-03-2024,2024,Mar,North,Delhi,Delhi,Tablet,Electronics,33577,22414,3
1077,05-12-2024,2024,Dec,West,Gujarat,Surat,Mobile,Electronics,14029,11183,4
1078,29-11-2023,2023,Nov,West,Gujarat,Surat,Chair,Furniture,9232,7356,5
1079,18-10-2024,2024,Oct,North,Punjab,Amritsar,Laptop,Electronics,41827,33366,1
1080,14-11-2024,2024,Nov,West,Gujarat,Ahmedabad,Sofa,Furniture,23662,17187,3
1081,03-10-2024,2024,Oct,South,Tamil Nadu,Chennai,Table,Furniture,7440,5968,5
1082,25-06-2024,2024,Jun,West,Maharashtra,Mumbai,Table,Furniture,11407,7904,5
1083,01-01-2023,2023,Jan,North,Delhi,Delhi,Laptop,Electronics,58203,38904,3
1084,25-08-2023,2023,Aug,South,Kerala,Kochi,Laptop,Electronics,51379,38003,2
1085,25-03-2023,2023,Mar,North,Punjab,Amritsar,Mobile,Electronics,13996,9427,2
1086,18-07-2023,2023,Jul,South,Tamil Nadu,Chennai,Mobile,Electronics,14445,10398,3
1087,29-10-2024,2024,Oct,West,Gujarat,Ahmedabad,Laptop,Electronics,46687,36649,1
1088,11-10-2023,2023,Oct,South,Tamil Nadu,Chennai,Tablet,Electronics,15815,11008,5
1089,31-12-2023,2023,Dec,West,Gujarat,Ahmedabad,Tablet,Electronics,29468,18061,4
1090,08-01-2024,2024,Jan,West,Gujarat,Surat,Laptop,Electronics,52628,33170,5
1091,09-12-2024,2024,Dec,South,Karnataka,Bangalore,Mobile,Electronics,12527,8324,2
1092,17-02-2024,2024,Feb,South,Karnataka,Bangalore,Laptop,Electronics,54948,46345,4
1093,28-11-2023,2023,Nov,West,Gujarat,Ahmedabad,Mobile,Electronics,16851,12034,4
1094,27-05-2024,2024,May,North,Punjab,Amritsar,Mobile,Electronics,13011,9319,5
1095,24-11-2024,2024,Nov,West,Maharashtra,Mumbai,Chair,Furniture,4358,3434,5
1096,24-06-2023,2023,Jun,West,Gujarat,Surat,Desk,Furniture,9809,7796,5
1097,12-10-2024,2024,Oct,West,Gujarat,Ahmedabad,Desk,Furniture,8990,5882,5
1098,31-05-2023,2023,May,South,Kerala,Kochi,Table,Furniture,19649,13030,4
1099,09-03-2023,2023,Mar,West,Gujarat,Surat,Chair,Furniture,8768,5694,2
1100,01-07-2023,2023,Jul,North,Delhi,Delhi,Mobile,Electronics,19732,15276,5
1101,24-12-2024,2024,Dec,North,Punjab,Amritsar,Tablet,Electronics,34152,25391,3
1102,11-12-2023,2023,Dec,North,Delhi,Delhi,Laptop,Electronics,40641,32938,4
1103,16-12-2024,2024,Dec,South,Karnataka,Bangalore,Desk,Furniture,14869,9427,5
1104,06-10-2024,2024,Oct,South,Kerala,Kochi,Laptop,Electronics,55265,37998,2
1105,04-08-2024,2024,Aug,North,Punjab,Amritsar,Tablet,Electronics,31202,25406,3
1106,25-07-2024,2024,Jul,North,Delhi,Delhi,Sofa,Furniture,20985,15474,1
1107,09-12-2024,2024,Dec,North,Punjab,Amritsar,Desk,Furniture,12532,9709,4
1108,01-09-2023,2023,Sep,South,Kerala,Kochi,Desk,Furniture,14154,11036,1
1109,24-02-2023,2023,Feb,North,Punjab,Amritsar,Tablet,Electronics,25661,16624,4
1110,19-02-2023,2023,Feb,North,Punjab,Amritsar,Mobile,Electronics,25706,20892,4
1111,19-04-2024,2024,Apr,South,Karnataka,Bangalore,Sofa,Furniture,35697,23434,2
1112,15-06-2023,2023,Jun,West,Gujarat,Ahmedabad,Table,Furniture,15361,11703,4
1113,27-05-2024,2024,May,West,Maharashtra,Mumbai,Table,Furniture,9065,6266,5
1114,30-07-2024,2024,Jul,South,Tamil Nadu,Chennai,Laptop,Electronics,45179,30603,5
1115,15-10-2024,2024,Oct,South,Karnataka,Bangalore,Table,Furniture,8692,6229,5
1116,20-12-2024,2024,Dec,North,Delhi,Delhi,Desk,Furniture,10107,8201,4
1117,25-10-2023,2023,Oct,West,Gujarat,Surat,Mobile,Electronics,11947,10016,3
1118,13-05-2024,2024,May,North,Delhi,Delhi,Tablet,Electronics,24215,17428,1
1119,04-05-2023,2023,May,West,Gujarat,Surat,Chair,Furniture,9567,7094,3
1120,24-04-2024,2024,Apr,West,Gujarat,Surat,Table,Furniture,16656,12199,2
1121,11-08-2023,2023,Aug,West,Gujarat,Surat,Sofa,Furniture,33341,23356,4
1122,06-05-2023,2023,May,North,Delhi,Delhi,Tablet,Electronics,23812,16557,3
1123,21-06-2023,2023,Jun,North,Punjab,Amritsar,Tablet,Electronics,23747,14695,2
1124,30-04-2023,2023,Apr,South,Tamil Nadu,Chennai,Laptop,Electronics,53079,42354,1
1125,13-10-2024,2024,Oct,West,Gujarat,Ahmedabad,Sofa,Furniture,19881,14689,2
1126,12-04-2024,2024,Apr,North,Punjab,Amritsar,Laptop,Electronics,50691,33214,1
1127,08-05-2023,2023,May,North,Delhi,Delhi,Table,Furniture,12785,10237,1
1128,13-09-2023,2023,Sep,South,Tamil Nadu,Chennai,Chair,Furniture,6963,5782,4
1129,01-01-2024,2024,Jan,West,Gujarat,Surat,Sofa,Furniture,39921,27494,2
1130,27-12-2024,2024,Dec,North,Delhi,Delhi,Tablet,Electronics,21300,15995,2
1131,26-01-2023,2023,Jan,South,Karnataka,Bangalore,Sofa,Furniture,28172,17351,3
1132,07-11-2023,2023,Nov,North,Punjab,Amritsar,Sofa,Furniture,38914,25100,1
1133,10-04-2024,2024,Apr,North,Punjab,Amritsar,Mobile,Electronics,21239,14427,5
1134,20-08-2024,2024,Aug,South,Tamil Nadu,Chennai,Tablet,Electronics,22731,14068,5
1135,16-06-2024,2024,Jun,North,Delhi,Delhi,Laptop,Electronics,57466,46379,1
1136,29-06-2024,2024,Jun,North,Punjab,Amritsar,Laptop,Electronics,58551,40958,2
1137,08-07-2023,2023,Jul,West,Gujarat,Ahmedabad,Mobile,Electronics,12070,7333,2
1138,17-06-2023,2023,Jun,North,Punjab,Amritsar,Table,Furniture,9207,7427,1
1139,08-04-2023,2023,Apr,South,Kerala,Kochi,Desk,Furniture,6448,5229,2
1140,18-12-2023,2023,Dec,West,Maharashtra,Mumbai,Sofa,Furniture,16961,13654,5
1141,21-06-2023,2023,Jun,West,Gujarat,Ahmedabad,Mobile,Electronics,25761,21701,2
1142,03-06-2023,2023,Jun,South,Karnataka,Bangalore,Chair,Furniture,4853,4062,4
1143,01-02-2023,2023,Feb,North,Delhi,Delhi,Tablet,Electronics,21318,13056,3
1144,09-12-2024,2024,Dec,South,Karnataka,Bangalore,Laptop,Electronics,66699,40215,1
1145,13-05-2024,2024,May,West,Gujarat,Surat,Table,Furniture,15522,10100,2
1146,25-02-2023,2023,Feb,South,Kerala,Kochi,Table,Furniture,17748,12715,1
1147,11-11-2024,2024,Nov,South,Kerala,Kochi,Tablet,Electronics,30906,19484,1
1148,12-08-2023,2023,Aug,North,Punjab,Amritsar,Chair,Furniture,7185,5670,3
1149,24-11-2023,2023,Nov,South,Tamil Nadu,Chennai,Table,Furniture,10550,8374,5
1150,19-05-2023,2023,May,North,Punjab,Amritsar,Table,Furniture,12297,10061,5
1151,10-09-2024,2024,Sep,West,Gujarat,Ahmedabad,Tablet,Electronics,18450,11980,3
1152,25-05-2023,2023,May,South,Karnataka,Bangalore,Mobile,Electronics,14159,10966,3
1153,28-06-2023,2023,Jun,West,Maharashtra,Mumbai,Mobile,Electronics,23179,17257,2
1154,05-12-2024,2024,Dec,West,Maharashtra,Mumbai,Mobile,Electronics,19393,14217,2
1155,02-05-2024,2024,May,South,Karnataka,Bangalore,Tablet,Electronics,28741,18486,3
1156,15-03-2024,2024,Mar,North,Delhi,Delhi,Desk,Furniture,9898,7336,2
1157,17-01-2023,2023,Jan,North,Delhi,Delhi,Mobile,Electronics,17321,14496,5
1158,29-08-2023,2023,Aug,South,Kerala,Kochi,Desk,Furniture,7994,5835,2
1159,12-12-2024,2024,Dec,South,Karnataka,Bangalore,Sofa,Furniture,28830,17940,4
1160,08-12-2023,2023,Dec,South,Tamil Nadu,Chennai,Laptop,Electronics,55015,33449,2
1161,05-02-2023,2023,Feb,West,Gujarat,Ahmedabad,Table,Furniture,7214,5263,2
1162,12-08-2023,2023,Aug,West,Gujarat,Surat,Sofa,Furniture,27312,21007,5
1163,09-07-2023,2023,Jul,West,Maharashtra,Mumbai,Desk,Furniture,14437,10619,3
1164,08-12-2023,2023,Dec,West,Maharashtra,Mumbai,Chair,Furniture,9972,8004,4
1165,21-01-2024,2024,Jan,North,Delhi,Delhi,Sofa,Furniture,39439,26805,5
1166,15-10-2023,2023,Oct,West,Gujarat,Surat,Table,Furniture,13312,10667,3
1167,15-07-2023,2023,Jul,West,Gujarat,Ahmedabad,Table,Furniture,19263,12409,2
1168,20-04-2024,2024,Apr,West,Gujarat,Surat,Table,Furniture,7573,4869,4
1169,23-12-2024,2024,Dec,North,Delhi,Delhi,Laptop,Electronics,50389,32485,4
1170,10-05-2024,2024,May,North,Delhi,Delhi,Desk,Furniture,11361,8415,3
1171,13-02-2023,2023,Feb,South,Karnataka,Bangalore,Desk,Furniture,13815,10051,2
1172,25-09-2024,2024,Sep,South,Kerala,Kochi,Chair,Furniture,4450,2789,1
1173,06-01-2023,2023,Jan,North,Punjab,Amritsar,Sofa,Furniture,31852,25547,1
1174,11-11-2023,2023,Nov,North,Punjab,Amritsar,Chair,Furniture,7155,4593,4
1175,22-09-2023,2023,Sep,West,Maharashtra,Mumbai,Chair,Furniture,7991,6776,4
1176,19-11-2023,2023,Nov,North,Delhi,Delhi,Desk,Furniture,6732,4474,2
1177,18-05-2023,2023,May,South,Tamil Nadu,Chennai,Desk,Furniture,7894,6551,3
1178,22-11-2023,2023,Nov,South,Tamil Nadu,Chennai,Tablet,Electronics,22159,13390,1
1179,11-02-2023,2023,Feb,North,Delhi,Delhi,Laptop,Electronics,57929,42296,3
1180,13-08-2024,2024,Aug,South,Kerala,Kochi,Sofa,Furniture,15762,10437,3
1181,06-12-2024,2024,Dec,North,Delhi,Delhi,Tablet,Electronics,22560,17609,2
1182,07-02-2023,2023,Feb,North,Delhi,Delhi,Mobile,Electronics,23925,15345,5
1183,10-07-2023,2023,Jul,South,Kerala,Kochi,Tablet,Electronics,28010,19948,3
1184,19-05-2024,2024,May,South,Karnataka,Bangalore,Chair,Furniture,5483,4334,1
1185,13-06-2023,2023,Jun,North,Delhi,Delhi,Sofa,Furniture,28271,20884,4
1186,27-03-2024,2024,Mar,West,Gujarat,Ahmedabad,Table,Furniture,13048,8625,1
1187,23-11-2024,2024,Nov,West,Maharashtra,Mumbai,Mobile,Electronics,23226,14345,3
1188,07-12-2024,2024,Dec,West,Gujarat,Ahmedabad,Desk,Furniture,14731,9979,4
1189,27-01-2023,2023,Jan,West,Gujarat,Surat,Sofa,Furniture,36394,30659,3
1190,24-08-2023,2023,Aug,South,Karnataka,Bangalore,Sofa,Furniture,16592,10138,2
1191,07-11-2023,2023,Nov,South,Tamil Nadu,Chennai,Laptop,Electronics,67191,41483,1
1192,29-09-2024,2024,Sep,West,Gujarat,Surat,Laptop,Electronics,42563,27969,5
1193,20-04-2023,2023,Apr,West,Maharashtra,Mumbai,Sofa,Furniture,34059,24718,5
1194,10-09-2024,2024,Sep,West,Gujarat,Surat,Laptop,Electronics,56376,33895,3
1195,25-07-2024,2024,Jul,North,Punjab,Amritsar,Mobile,Electronics,11846,9677,3
1196,24-09-2024,2024,Sep,South,Karnataka,Bangalore,Table,Furniture,11195,8926,5
1197,12-07-2024,2024,Jul,South,Karnataka,Bangalore,Desk,Furniture,13903,11294,2
1198,07-03-2023,2023,Mar,South,Karnataka,Bangalore,Tablet,Electronics,17789,14627,4
1199,12-03-2023,2023,Mar,North,Punjab,Amritsar,Mobile,Electronics,26634,20922,2
1200,31-01-2024,2024,Jan,West,Maharashtra,Mumbai,Chair,Furniture,3591,2595,3
1201,22-07-2023,2023,Jul,North,Punjab,Amritsar,Laptop,Electronics,63960,47822,5
1202,12-05-2023,2023,May,South,Tamil Nadu,Chennai,Sofa,Furniture,34026,25253,3
1203,29-01-2023,2023,Jan,North,Punjab,Amritsar,Mobile,Electronics,19111,15754,4
1204,25-08-2023,2023,Aug,South,Tamil Nadu,Chennai,Sofa,Furniture,28393,17904,2
1205,07-03-2024,2024,Mar,North,Delhi,Delhi,Mobile,Electronics,12866,10581,4
1206,20-10-2023,2023,Oct,West,Gujarat,Ahmedabad,Sofa,Furniture,24227,16162,4
1207,11-01-2023,2023,Jan,South,Tamil Nadu,Chennai,Sofa,Furniture,28261,23973,1
1208,01-10-2023,2023,Oct,South,Karnataka,Bangalore,Laptop,Electronics,47599,34216,4
1209,20-03-2023,2023,Mar,South,Karnataka,Bangalore,Tablet,Electronics,16902,11168,3
1210,24-06-2024,2024,Jun,North,Delhi,Delhi,Laptop,Electronics,41191,28280,4
1211,23-04-2024,2024,Apr,West,Gujarat,Ahmedabad,Desk,Furniture,5023,3871,4
1212,18-05-2024,2024,May,North,Punjab,Amritsar,Laptop,Electronics,60546,48686,2
1213,09-01-2023,2023,Jan,North,Delhi,Delhi,Chair,Furniture,3754,3113,4
1214,15-03-2023,2023,Mar,North,Punjab,Amritsar,Tablet,Electronics,31807,21181,5
1215,10-03-2023,2023,Mar,West,Gujarat,Ahmedabad,Tablet,Electronics,23199,18670,5
1216,11-06-2024,2024,Jun,North,Punjab,Amritsar,Tablet,Electronics,22784,15425,5
1217,23-03-2024,2024,Mar,South,Tamil Nadu,Chennai,Chair,Furniture,5527,3372,3
1218,22-05-2023,2023,May,North,Punjab,Amritsar,Laptop,Electronics,43189,30290,5
1219,02-08-2024,2024,Aug,South,Karnataka,Bangalore,Laptop,Electronics,51399,41052,4
1220,26-09-2023,2023,Sep,South,Kerala,Kochi,Mobile,Electronics,15391,11956,4
1221,27-12-2023,2023,Dec,South,Tamil Nadu,Chennai,Chair,Furniture,9201,6709,5
1222,09-12-2023,2023,Dec,North,Punjab,Amritsar,Tablet,Electronics,24002,19997,1
1223,20-08-2023,2023,Aug,West,Maharashtra,Mumbai,Table,Furniture,18268,11090,4
1224,09-10-2024,2024,Oct,West,Maharashtra,Mumbai,Table,Furniture,7826,6246,4
1225,27-03-2024,2024,Mar,South,Tamil Nadu,Chennai,Mobile,Electronics,12101,10058,4
1226,13-12-2024,2024,Dec,South,Tamil Nadu,Chennai,Table,Furniture,8477,5994,3
1227,21-06-2024,2024,Jun,West,Gujarat,Surat,Table,Furniture,19544,16229,5
1228,23-08-2023,2023,Aug,West,Gujarat,Ahmedabad,Sofa,Furniture,32187,25790,3
1229,20-07-2024,2024,Jul,West,Maharashtra,Mumbai,Table,Furniture,18144,12842,3
1230,28-12-2023,2023,Dec,North,Punjab,Amritsar,Mobile,Electronics,11229,9519,2
1231,14-10-2023,2023,Oct,West,Gujarat,Surat,Mobile,Electronics,28004,21520,3
1232,06-04-2024,2024,Apr,North,Delhi,Delhi,Sofa,Furniture,17127,14154,2
1233,05-04-2023,2023,Apr,South,Tamil Nadu,Chennai,Mobile,Electronics,28445,23334,2
1234,23-03-2024,2024,Mar,West,Gujarat,Surat,Mobile,Electronics,22184,16244,2
1235,06-03-2023,2023,Mar,West,Gujarat,Ahmedabad,Sofa,Furniture,34409,21869,3
1236,11-03-2023,2023,Mar,South,Tamil Nadu,Chennai,Laptop,Electronics,45096,34043,3
1237,08-07-2023,2023,Jul,South,Karnataka,Bangalore,Mobile,Electronics,11952,7740,4
1238,08-03-2024,2024,Mar,North,Punjab,Amritsar,Laptop,Electronics,57318,44861,1
1239,01-04-2023,2023,Apr,North,Punjab,Amritsar,Chair,Furniture,4768,3535,3
1240,22-01-2023,2023,Jan,West,Maharashtra,Mumbai,Mobile,Electronics,23030,19449,2
1241,29-12-2024,2024,Dec,South,Tamil Nadu,Chennai,Desk,Furniture,8954,7073,1
1242,20-04-2023,2023,Apr,South,Karnataka,Bangalore,Desk,Furniture,6632,5493,4
1243,20-02-2023,2023,Feb,West,Maharashtra,Mumbai,Sofa,Furniture,39969,25915,1
1244,19-07-2024,2024,Jul,South,Tamil Nadu,Chennai,Desk,Furniture,13822,9445,1
1245,12-04-2024,2024,Apr,South,Kerala,Kochi,Tablet,Electronics,15363,9646,3
1246,28-06-2023,2023,Jun,North,Punjab,Amritsar,Desk,Furniture,11291,7566,3
1247,23-07-2024,2024,Jul,North,Punjab,Amritsar,Tablet,Electronics,31632,24969,4
1248,11-01-2024,2024,Jan,West,Maharashtra,Mumbai,Tablet,Electronics,32698,21832,3
1249,20-03-2023,2023,Mar,North,Delhi,Delhi,Tablet,Electronics,31151,22916,4
1250,16-09-2023,2023,Sep,North,Delhi,Delhi,Tablet,Electronics,20127,15066,5
1251,25-02-2023,2023,Feb,North,Punjab,Amritsar,Laptop,Electronics,56423,36247,3
1252,30-03-2023,2023,Mar,West,Gujarat,Ahmedabad,Tablet,Electronics,29261,21442,2
1253,17-05-2024,2024,May,South,Kerala,Kochi,Mobile,Electronics,11966,8171,4
1254,02-03-2024,2024,Mar,South,Kerala,Kochi,Chair,Furniture,9669,8217,2
1255,05-05-2023,2023,May,North,Punjab,Amritsar,Table,Furniture,19101,15585,5
1256,12-04-2024,2024,Apr,North,Punjab,Amritsar,Chair,Furniture,6704,4710,4
1257,14-03-2024,2024,Mar,South,Kerala,Kochi,Chair,Furniture,7496,4925,2
1258,29-01-2023,2023,Jan,South,Tamil Nadu,Chennai,Table,Furniture,10417,7277,5
1259,27-08-2024,2024,Aug,North,Punjab,Amritsar,Desk,Furniture,8259,6928,2
1260,04-12-2023,2023,Dec,North,Punjab,Amritsar,Table,Furniture,7594,5476,3
1261,17-03-2023,2023,Mar,West,Gujarat,Ahmedabad,Desk,Furniture,13201,8518,2
1262,07-08-2023,2023,Aug,North,Delhi,Delhi,Chair,Furniture,9022,7301,2
1263,01-10-2024,2024,Oct,South,Tamil Nadu,Chennai,Table,Furniture,12754,9317,5
1264,28-09-2024,2024,Sep,South,Karnataka,Bangalore,Mobile,Electronics,15178,12676,1
1265,06-04-2023,2023,Apr,West,Gujarat,Surat,Table,Furniture,12009,9399,2
1266,01-06-2023,2023,Jun,South,Kerala,Kochi,Chair,Furniture,6255,5311,5
1267,20-08-2024,2024,Aug,South,Tamil Nadu,Chennai,Sofa,Furniture,27788,17925,4
1268,11-12-2024,2024,Dec,North,Delhi,Delhi,Chair,Furniture,8615,6962,4
1269,30-11-2023,2023,Nov,North,Delhi,Delhi,Table,Furniture,12548,9856,4
1270,09-10-2024,2024,Oct,North,Delhi,Delhi,Tablet,Electronics,16005,11161,4
1271,05-06-2024,2024,Jun,South,Karnataka,Bangalore,Mobile,Electronics,12689,8233,1
1272,22-09-2024,2024,Sep,South,Tamil Nadu,Chennai,Table,Furniture,9808,7240,4
1273,22-07-2023,2023,Jul,South,Karnataka,Bangalore,Chair,Furniture,7084,5564,2
1274,17-06-2024,2024,Jun,North,Punjab,Amritsar,Chair,Furniture,8821,5318,4
1275,14-04-2024,2024,Apr,West,Gujarat,Ahmedabad,Sofa,Furniture,25122,18546,5
1276,16-09-2024,2024,Sep,West,Gujarat,Ahmedabad,Mobile,Electronics,28536,23855,1
1277,01-08-2023,2023,Aug,South,Karnataka,Bangalore,Chair,Furniture,7721,4687,5
1278,22-04-2023,2023,Apr,West,Maharashtra,Mumbai,Chair,Furniture,4525,2991,5
1279,11-12-2024,2024,Dec,South,Kerala,Kochi,Chair,Furniture,4678,3039,2
1280,05-11-2023,2023,Nov,North,Delhi,Delhi,Sofa,Furniture,19505,13707,1
1281,27-11-2023,2023,Nov,West,Maharashtra,Mumbai,Tablet,Electronics,28063,17127,5
1282,29-07-2023,2023,Jul,West,Maharashtra,Mumbai,Laptop,Electronics,54738,37146,2
1283,08-07-2023,2023,Jul,West,Gujarat,Surat,Laptop,Electronics,61780,41988,4
1284,15-03-2024,2024,Mar,South,Kerala,Kochi,Tablet,Electronics,21605,13324,4
1285,01-08-2023,2023,Aug,South,Tamil Nadu,Chennai,Desk,Furniture,9409,7971,1
1286,23-09-2024,2024,Sep,North,Delhi,Delhi,Laptop,Electronics,58288,44058,5
1287,20-02-2023,2023,Feb,West,Maharashtra,Mumbai,Sofa,Furniture,23905,16420,4
1288,18-06-2024,2024,Jun,South,Kerala,Kochi,Sofa,Furniture,26471,19247,4
1289,24-09-2023,2023,Sep,North,Punjab,Amritsar,Chair,Furniture,7168,4364,3
1290,29-12-2023,2023,Dec,North,Punjab,Amritsar,Desk,Furniture,8520,7205,5
1291,23-10-2024,2024,Oct,North,Delhi,Delhi,Table,Furniture,15799,11696,5
1292,08-03-2023,2023,Mar,West,Gujarat,Surat,Sofa,Furniture,26666,20148,5
1293,18-03-2024,2024,Mar,North,Delhi,Delhi,Chair,Furniture,9702,6715,2
1294,31-10-2023,2023,Oct,West,Maharashtra,Mumbai,Table,Furniture,18340,13994,1
1295,25-02-2024,2024,Feb,West,Gujarat,Ahmedabad,Sofa,Furniture,19013,11691,4
1296,27-07-2023,2023,Jul,West,Gujarat,Surat,Laptop,Electronics,68259,41274,2
1297,28-04-2023,2023,Apr,South,Tamil Nadu,Chennai,Chair,Furniture,7288,5560,3
1298,23-02-2024,2024,Feb,North,Punjab,Amritsar,Table,Furniture,18544,12491,5
1299,03-02-2023,2023,Feb,South,Karnataka,Bangalore,Sofa,Furniture,21496,17640,4
1300,13-02-2023,2023,Feb,North,Delhi,Delhi,Chair,Furniture,3583,2595,3
1301,13-05-2024,2024,May,South,Kerala,Kochi,Tablet,Electronics,17087,14324,3
1302,27-02-2024,2024,Feb,South,Tamil Nadu,Chennai,Table,Furniture,12565,10432,5
1303,25-07-2024,2024,Jul,North,Punjab,Amritsar,Mobile,Electronics,20104,12717,4
1304,10-11-2023,2023,Nov,North,Delhi,Delhi,Sofa,Furniture,23869,19579,3
1305,03-11-2024,2024,Nov,West,Maharashtra,Mumbai,Laptop,Electronics,59150,38969,3
1306,20-01-2023,2023,Jan,South,Karnataka,Bangalore,Mobile,Electronics,29186,18337,3
1307,28-06-2024,2024,Jun,West,Maharashtra,Mumbai,Sofa,Furniture,23492,15485,3
1308,01-05-2024,2024,May,West,Maharashtra,Mumbai,Chair,Furniture,8594,6305,5
1309,20-08-2023,2023,Aug,North,Delhi,Delhi,Chair,Furniture,6073,4167,2
1310,02-05-2024,2024,May,West,Gujarat,Surat,Tablet,Electronics,19402,11747,5
1311,23-03-2024,2024,Mar,West,Maharashtra,Mumbai,Desk,Furniture,14730,11520,3
1312,08-09-2024,2024,Sep,North,Delhi,Delhi,Laptop,Electronics,63220,45988,5
1313,14-09-2024,2024,Sep,North,Delhi,Delhi,Laptop,Electronics,49898,38641,4
1314,15-12-2023,2023,Dec,North,Delhi,Delhi,Tablet,Electronics,18726,14565,1
1315,30-06-2023,2023,Jun,West,Maharashtra,Mumbai,Desk,Furniture,11216,6763,5
1316,08-07-2024,2024,Jul,North,Punjab,Amritsar,Laptop,Electronics,52631,40823,1
1317,06-02-2023,2023,Feb,South,Tamil Nadu,Chennai,Chair,Furniture,4649,2893,2
1318,16-04-2023,2023,Apr,North,Delhi,Delhi,Tablet,Electronics,28414,23998,2
1319,07-05-2023,2023,May,West,Gujarat,Surat,Laptop,Electronics,62891,50213,5
1320,07-02-2024,2024,Feb,North,Delhi,Delhi,Tablet,Electronics,17218,12989,3
1321,11-07-2023,2023,Jul,South,Kerala,Kochi,Mobile,Electronics,20415,16535,4
1322,24-09-2023,2023,Sep,South,Kerala,Kochi,Tablet,Electronics,19179,14287,5
1323,24-10-2023,2023,Oct,West,Gujarat,Surat,Chair,Furniture,9862,6704,2
1324,15-02-2024,2024,Feb,South,Tamil Nadu,Chennai,Laptop,Electronics,40103,31923,5
1325,24-06-2024,2024,Jun,South,Tamil Nadu,Chennai,Table,Furniture,16234,10322,2
1326,19-06-2023,2023,Jun,South,Tamil Nadu,Chennai,Tablet,Electronics,34632,26072,3
1327,25-03-2023,2023,Mar,South,Karnataka,Bangalore,Desk,Furniture,11889,8130,3
1328,19-08-2024,2024,Aug,North,Punjab,Amritsar,Table,Furniture,9736,7144,4
1329,11-08-2023,2023,Aug,South,Tamil Nadu,Chennai,Laptop,Electronics,40312,26344,5
1330,04-09-2024,2024,Sep,North,Delhi,Delhi,Laptop,Electronics,63951,50294,2
1331,23-10-2023,2023,Oct,South,Kerala,Kochi,Desk,Furniture,10876,8036,1
1332,13-02-2023,2023,Feb,West,Maharashtra,Mumbai,Sofa,Furniture,37890,26698,2
1333,07-05-2023,2023,May,South,Tamil Nadu,Chennai,Sofa,Furniture,17361,14009,3
1334,07-03-2024,2024,Mar,West,Gujarat,Surat,Laptop,Electronics,61903,48178,5
1335,29-02-2024,2024,Feb,West,Gujarat,Surat,Laptop,Electronics,44887,31870,3
1336,25-12-2023,2023,Dec,South,Tamil Nadu,Chennai,Table,Furniture,19702,12504,2
1337,31-01-2023,2023,Jan,West,Gujarat,Surat,Mobile,Electronics,10411,6952,2
1338,20-02-2024,2024,Feb,West,Maharashtra,Mumbai,Sofa,Furniture,39316,28045,4
1339,23-06-2023,2023,Jun,South,Karnataka,Bangalore,Laptop,Electronics,63678,43255,5
1340,19-07-2023,2023,Jul,West,Gujarat,Surat,Sofa,Furniture,16840,10382,2
1341,10-03-2023,2023,Mar,South,Tamil Nadu,Chennai,Tablet,Electronics,26000,15701,5
1342,22-04-2024,2024,Apr,North,Delhi,Delhi,Table,Furniture,10371,7071,5
1343,16-10-2023,2023,Oct,West,Gujarat,Ahmedabad,Desk,Furniture,14814,8992,5
1344,16-07-2023,2023,Jul,South,Karnataka,Bangalore,Laptop,Electronics,45128,34652,1
1345,27-07-2024,2024,Jul,South,Karnataka,Bangalore,Chair,Furniture,5873,4670,5
1346,22-11-2024,2024,Nov,North,Punjab,Amritsar,Table,Furniture,18677,14736,1
1347,19-02-2023,2023,Feb,North,Delhi,Delhi,Laptop,Electronics,66734,48100,3
1348,24-11-2024,2024,Nov,South,Kerala,Kochi,Tablet,Electronics,20339,13672,5
1349,08-05-2024,2024,May,North,Punjab,Amritsar,Mobile,Electronics,11621,7526,5
1350,01-09-2024,2024,Sep,South,Tamil Nadu,Chennai,Sofa,Furniture,22158,17906,1
1351,07-06-2023,2023,Jun,South,Tamil Nadu,Chennai,Mobile,Electronics,28045,19492,3
1352,11-09-2023,2023,Sep,South,Tamil Nadu,Chennai,Mobile,Electronics,23508,18308,5
1353,28-06-2024,2024,Jun,West,Maharashtra,Mumbai,Sofa,Furniture,18711,15115,5
1354,07-03-2023,2023,Mar,North,Delhi,Delhi,Chair,Furniture,7506,6375,3
1355,15-07-2023,2023,Jul,West,Gujarat,Ahmedabad,Laptop,Electronics,49567,42069,5
1356,16-02-2024,2024,Feb,West,Gujarat,Surat,Tablet,Electronics,16370,10459,2
1357,30-07-2023,2023,Jul,West,Gujarat,Ahmedabad,Chair,Furniture,8807,5511,5
1358,11-01-2023,2023,Jan,South,Kerala,Kochi,Chair,Furniture,8296,7014,2
1359,06-05-2023,2023,May,West,Gujarat,Surat,Mobile,Electronics,24944,16334,2
1360,20-10-2024,2024,Oct,West,Gujarat,Ahmedabad,Sofa,Furniture,36601,26479,4
1361,28-04-2024,2024,Apr,West,Gujarat,Surat,Table,Furniture,7540,4592,1
1362,14-01-2024,2024,Jan,West,Maharashtra,Mumbai,Tablet,Electronics,18533,12424,4
1363,08-11-2023,2023,Nov,South,Tamil Nadu,Chennai,Desk,Furniture,10965,6995,3
1364,28-04-2023,2023,Apr,North,Punjab,Amritsar,Desk,Furniture,13359,10616,1
1365,06-10-2024,2024,Oct,North,Punjab,Amritsar,Laptop,Electronics,50830,40276,3
1366,31-08-2023,2023,Aug,North,Punjab,Amritsar,Sofa,Furniture,32658,25679,3
1367,18-03-2024,2024,Mar,West,Gujarat,Ahmedabad,Laptop,Electronics,47257,29386,5
1368,06-10-2023,2023,Oct,North,Punjab,Amritsar,Chair,Furniture,4405,3557,3
1369,23-05-2023,2023,May,South,Kerala,Kochi,Desk,Furniture,10368,6584,3
1370,05-04-2023,2023,Apr,South,Tamil Nadu,Chennai,Sofa,Furniture,28033,19335,2
1371,02-01-2024,2024,Jan,West,Gujarat,Surat,Desk,Furniture,12346,10319,1
1372,12-09-2024,2024,Sep,North,Delhi,Delhi,Chair,Furniture,3397,2668,2
1373,27-01-2023,2023,Jan,North,Punjab,Amritsar,Table,Furniture,9869,6473,1
1374,20-12-2024,2024,Dec,South,Kerala,Kochi,Sofa,Furniture,24101,16763,4
1375,29-02-2024,2024,Feb,West,Gujarat,Ahmedabad,Tablet,Electronics,25593,20999,2
1376,23-04-2024,2024,Apr,South,Karnataka,Bangalore,Tablet,Electronics,20222,13167,5
1377,21-02-2024,2024,Feb,West,Gujarat,Ahmedabad,Chair,Furniture,6010,3712,3
1378,26-01-2024,2024,Jan,South,Kerala,Kochi,Mobile,Electronics,14359,10039,2
1379,01-04-2024,2024,Apr,South,Tamil Nadu,Chennai,Mobile,Electronics,12770,10385,3
1380,25-04-2023,2023,Apr,South,Tamil Nadu,Chennai,Laptop,Electronics,46733,28622,3
1381,29-02-2024,2024,Feb,South,Kerala,Kochi,Mobile,Electronics,13312,10715,3
1382,30-05-2023,2023,May,West,Gujarat,Surat,Sofa,Furniture,15833,11372,4
1383,26-09-2023,2023,Sep,West,Maharashtra,Mumbai,Sofa,Furniture,29858,20357,1
1384,30-07-2024,2024,Jul,North,Punjab,Amritsar,Table,Furniture,12077,9485,5
1385,06-09-2024,2024,Sep,South,Kerala,Kochi,Laptop,Electronics,48240,32569,2
1386,05-03-2024,2024,Mar,North,Punjab,Amritsar,Laptop,Electronics,54754,41054,4
1387,29-12-2023,2023,Dec,West,Gujarat,Surat,Chair,Furniture,9873,6542,1
1388,09-07-2024,2024,Jul,South,Tamil Nadu,Chennai,Laptop,Electronics,50051,32620,5
1389,05-08-2023,2023,Aug,North,Punjab,Amritsar,Tablet,Electronics,17130,10470,5
1390,28-12-2024,2024,Dec,West,Gujarat,Surat,Sofa,Furniture,15867,12616,2
1391,07-10-2023,2023,Oct,North,Delhi,Delhi,Sofa,Furniture,23839,17127,5
1392,16-05-2024,2024,May,West,Gujarat,Surat,Chair,Furniture,6535,4466,2
1393,26-12-2024,2024,Dec,North,Punjab,Amritsar,Tablet,Electronics,21966,16567,4
1394,04-11-2024,2024,Nov,South,Kerala,Kochi,Desk,Furniture,8746,5702,3
1395,27-08-2024,2024,Aug,West,Gujarat,Ahmedabad,Desk,Furniture,8098,6142,4
1396,07-05-2023,2023,May,South,Tamil Nadu,Chennai,Laptop,Electronics,50888,35952,4
1397,09-06-2024,2024,Jun,South,Tamil Nadu,Chennai,Desk,Furniture,13131,8087,5
1398,24-05-2023,2023,May,South,Kerala,Kochi,Tablet,Electronics,18857,11537,2
1399,25-08-2023,2023,Aug,West,Maharashtra,Mumbai,Mobile,Electronics,22521,15882,4
1400,28-09-2024,2024,Sep,West,Gujarat,Ahmedabad,Tablet,Electronics,22410,15292,3
1401,04-05-2024,2024,May,North,Punjab,Amritsar,Laptop,Electronics,56554,43709,5
1402,12-03-2024,2024,Mar,West,Gujarat,Surat,Tablet,Electronics,16205,11316,4
1403,02-11-2024,2024,Nov,West,Gujarat,Surat,Table,Furniture,9892,7759,4
1404,18-06-2024,2024,Jun,West,Maharashtra,Mumbai,Laptop,Electronics,58024,45056,5
1405,06-12-2023,2023,Dec,North,Punjab,Amritsar,Tablet,Electronics,21699,17710,2
1406,13-08-2023,2023,Aug,West,Gujarat,Surat,Chair,Furniture,8372,6076,1
1407,25-01-2024,2024,Jan,South,Kerala,Kochi,Mobile,Electronics,26113,15979,2
1408,17-03-2023,2023,Mar,West,Gujarat,Surat,Laptop,Electronics,48240,30282,1
1409,29-11-2024,2024,Nov,South,Tamil Nadu,Chennai,Chair,Furniture,7803,5295,3
1410,10-04-2024,2024,Apr,North,Delhi,Delhi,Tablet,Electronics,32684,24771,3
1411,25-12-2024,2024,Dec,West,Maharashtra,Mumbai,Laptop,Electronics,43385,30555,4
1412,22-02-2023,2023,Feb,West,Gujarat,Ahmedabad,Tablet,Electronics,24973,16228,1
1413,21-01-2023,2023,Jan,South,Karnataka,Bangalore,Mobile,Electronics,24972,16457,2
1414,23-02-2024,2024,Feb,South,Karnataka,Bangalore,Sofa,Furniture,34856,24414,3
1415,08-08-2023,2023,Aug,West,Gujarat,Surat,Table,Furniture,10013,7240,1
1416,05-04-2024,2024,Apr,West,Maharashtra,Mumbai,Tablet,Electronics,20853,16264,3
1417,30-06-2024,2024,Jun,South,Kerala,Kochi,Sofa,Furniture,30932,24090,4
1418,01-08-2024,2024,Aug,South,Karnataka,Bangalore,Tablet,Electronics,26734,19282,1
1419,08-10-2024,2024,Oct,West,Maharashtra,Mumbai,Desk,Furniture,9726,7281,4
1420,25-06-2024,2024,Jun,West,Gujarat,Surat,Sofa,Furniture,28622,19792,5
1421,11-04-2024,2024,Apr,South,Kerala,Kochi,Desk,Furniture,10781,6816,1
1422,19-03-2024,2024,Mar,South,Tamil Nadu,Chennai,Chair,Furniture,4792,3042,1
1423,04-02-2023,2023,Feb,South,Karnataka,Bangalore,Laptop,Electronics,53166,34511,3
1424,18-09-2024,2024,Sep,West,Gujarat,Surat,Tablet,Electronics,23341,15768,1
1425,09-07-2024,2024,Jul,North,Delhi,Delhi,Tablet,Electronics,25110,16005,4
1426,29-07-2024,2024,Jul,West,Maharashtra,Mumbai,Chair,Furniture,7112,6017,1
1427,09-12-2024,2024,Dec,South,Tamil Nadu,Chennai,Desk,Furniture,7737,5853,1
1428,21-07-2023,2023,Jul,North,Delhi,Delhi,Tablet,Electronics,32586,24021,3
1429,15-12-2024,2024,Dec,North,Punjab,Amritsar,Desk,Furniture,12378,9965,5
1430,13-06-2024,2024,Jun,South,Tamil Nadu,Chennai,Mobile,Electronics,18208,11609,4
1431,18-09-2024,2024,Sep,South,Tamil Nadu,Chennai,Sofa,Furniture,23382,19428,4
1432,15-06-2024,2024,Jun,West,Gujarat,Surat,Mobile,Electronics,24911,20149,1
1433,30-05-2024,2024,May,West,Maharashtra,Mumbai,Laptop,Electronics,45322,29807,3
1434,19-01-2024,2024,Jan,West,Maharashtra,Mumbai,Chair,Furniture,8153,5452,5
1435,20-03-2024,2024,Mar,North,Punjab,Amritsar,Desk,Furniture,9080,6734,4
1436,07-01-2024,2024,Jan,North,Delhi,Delhi,Chair,Furniture,5440,3404,3
1437,11-04-2024,2024,Apr,West,Gujarat,Ahmedabad,Mobile,Electronics,20958,14580,3
1438,28-01-2024,2024,Jan,West,Maharashtra,Mumbai,Tablet,Electronics,23638,18730,4
1439,19-09-2024,2024,Sep,West,Gujarat,Surat,Chair,Furniture,6360,4437,1
1440,13-01-2023,2023,Jan,North,Punjab,Amritsar,Table,Furniture,13827,10322,1
1441,28-06-2024,2024,Jun,West,Gujarat,Surat,Desk,Furniture,6429,4976,3
1442,06-10-2023,2023,Oct,North,Punjab,Amritsar,Mobile,Electronics,12140,10142,5
1443,06-04-2023,2023,Apr,North,Punjab,Amritsar,Laptop,Electronics,40911,31655,4
1444,01-02-2024,2024,Feb,West,Gujarat,Ahmedabad,Sofa,Furniture,16482,13554,4
1445,17-05-2023,2023,May,North,Punjab,Amritsar,Desk,Furniture,9492,6922,4
1446,19-02-2023,2023,Feb,North,Delhi,Delhi,Table,Furniture,13025,8014,1
1447,21-03-2023,2023,Mar,West,Gujarat,Surat,Desk,Furniture,12042,9653,3
1448,02-06-2024,2024,Jun,North,Punjab,Amritsar,Tablet,Electronics,31675,19672,5
1449,16-07-2024,2024,Jul,North,Delhi,Delhi,Laptop,Electronics,52314,42122,3
1450,03-11-2024,2024,Nov,South,Kerala,Kochi,Tablet,Electronics,21910,15843,1
1451,19-03-2024,2024,Mar,North,Punjab,Amritsar,Desk,Furniture,11423,8088,4
1452,01-10-2023,2023,Oct,West,Maharashtra,Mumbai,Tablet,Electronics,16273,11661,3
1453,08-12-2024,2024,Dec,South,Karnataka,Bangalore,Laptop,Electronics,56308,41549,2
1454,03-06-2024,2024,Jun,North,Delhi,Delhi,Mobile,Electronics,18072,14484,1
1455,03-06-2023,2023,Jun,North,Delhi,Delhi,Mobile,Electronics,22080,18167,2
1456,30-01-2023,2023,Jan,South,Tamil Nadu,Chennai,Laptop,Electronics,42177,34355,5
1457,03-06-2023,2023,Jun,North,Delhi,Delhi,Sofa,Furniture,21172,14947,5
1458,10-11-2024,2024,Nov,West,Gujarat,Ahmedabad,Mobile,Electronics,19305,12970,3
1459,15-03-2024,2024,Mar,North,Delhi,Delhi,Table,Furniture,15756,13140,4
1460,04-08-2023,2023,Aug,West,Gujarat,Surat,Laptop,Electronics,58658,42300,2
1461,17-11-2023,2023,Nov,South,Karnataka,Bangalore,Desk,Furniture,11918,7466,4
1462,20-11-2024,2024,Nov,West,Gujarat,Ahmedabad,Chair,Furniture,6229,4467,2
1463,03-10-2024,2024,Oct,North,Punjab,Amritsar,Sofa,Furniture,34210,23496,4
1464,15-04-2023,2023,Apr,North,Punjab,Amritsar,Tablet,Electronics,15554,12843,4
1465,03-11-2024,2024,Nov,West,Maharashtra,Mumbai,Tablet,Electronics,27050,19450,3
1466,03-09-2023,2023,Sep,North,Punjab,Amritsar,Tablet,Electronics,22241,18007,2
1467,02-09-2023,2023,Sep,North,Delhi,Delhi,Sofa,Furniture,36098,27635,4
1468,29-01-2023,2023,Jan,South,Karnataka,Bangalore,Chair,Furniture,5936,3680,1
1469,07-04-2023,2023,Apr,West,Gujarat,Surat,Table,Furniture,7101,5705,1
1470,04-12-2023,2023,Dec,South,Kerala,Kochi,Desk,Furniture,10393,7974,5
1471,09-08-2023,2023,Aug,West,Gujarat,Surat,Sofa,Furniture,32821,27434,4
1472,11-02-2023,2023,Feb,North,Punjab,Amritsar,Chair,Furniture,3351,2835,3
1473,08-06-2023,2023,Jun,West,Gujarat,Ahmedabad,Desk,Furniture,10011,8171,5
1474,17-04-2023,2023,Apr,South,Karnataka,Bangalore,Desk,Furniture,5688,4004,4
1475,19-12-2023,2023,Dec,South,Kerala,Kochi,Chair,Furniture,5578,3854,4
1476,08-11-2023,2023,Nov,West,Gujarat,Surat,Table,Furniture,14139,9528,1
1477,28-12-2023,2023,Dec,North,Punjab,Amritsar,Chair,Furniture,6199,4931,3
1478,01-04-2023,2023,Apr,West,Maharashtra,Mumbai,Laptop,Electronics,61650,51516,2
1479,19-11-2024,2024,Nov,North,Punjab,Amritsar,Mobile,Electronics,20692,14025,5
1480,06-04-2023,2023,Apr,West,Gujarat,Surat,Table,Furniture,14589,11057,2
1481,13-06-2023,2023,Jun,North,Delhi,Delhi,Table,Furniture,12559,8175,4
1482,15-10-2023,2023,Oct,South,Kerala,Kochi,Table,Furniture,14852,11917,3
1483,01-07-2024,2024,Jul,West,Gujarat,Surat,Laptop,Electronics,57623,44677,2
1484,18-01-2024,2024,Jan,South,Karnataka,Bangalore,Chair,Furniture,3697,2555,2
1485,12-05-2023,2023,May,West,Gujarat,Surat,Table,Furniture,15991,13144,3
1486,13-04-2024,2024,Apr,North,Punjab,Amritsar,Table,Furniture,16996,12494,2
1487,13-06-2023,2023,Jun,South,Kerala,Kochi,Tablet,Electronics,33205,21023,4
1488,18-02-2024,2024,Feb,South,Karnataka,Bangalore,Laptop,Electronics,48516,38827,5
1489,05-01-2024,2024,Jan,North,Delhi,Delhi,Table,Furniture,13190,9335,4
1490,16-08-2024,2024,Aug,North,Delhi,Delhi,Chair,Furniture,6128,4589,1
1491,14-07-2023,2023,Jul,North,Delhi,Delhi,Tablet,Electronics,22310,18849,3
1492,08-05-2024,2024,May,West,Maharashtra,Mumbai,Mobile,Electronics,15591,12609,3
1493,13-12-2024,2024,Dec,West,Gujarat,Surat,Laptop,Electronics,50691,40739,3
1494,07-03-2024,2024,Mar,West,Gujarat,Ahmedabad,Laptop,Electronics,48137,31898,3
1495,08-11-2023,2023,Nov,West,Gujarat,Surat,Mobile,Electronics,24909,19766,4
1496,22-10-2024,2024,Oct,West,Gujarat,Surat,Sofa,Furniture,38095,26477,4
1497,23-03-2024,2024,Mar,North,Delhi,Delhi,Chair,Furniture,9617,6823,5
1498,23-03-2024,2024,Mar,South,Kerala,Kochi,Sofa,Furniture,15491,11600,3
1499,06-06-2024,2024,Jun,West,Gujarat,Surat,Laptop,Electronics,42393,27083,5
1500,13-04-2023,2023,Apr,South,Tamil Nadu,Chennai,Sofa,Furniture,39239,23808,2
1501,20-04-2023,2023,Apr,West,Maharashtra,Mumbai,Desk,Furniture,12387,8388,5
1502,24-02-2024,2024,Feb,North,Delhi,Delhi,Mobile,Electronics,29174,18365,4
1503,31-10-2023,2023,Oct,North,Punjab,Amritsar,Table,Furniture,18896,15395,5
1504,18-03-2024,2024,Mar,West,Gujarat,Surat,Table,Furniture,15673,13312,1
1505,23-04-2024,2024,Apr,South,Kerala,Kochi,Laptop,Electronics,67821,47868,4
1506,04-04-2024,2024,Apr,West,Maharashtra,Mumbai,Laptop,Electronics,64901,39452,1
1507,25-01-2023,2023,Jan,West,Maharashtra,Mumbai,Sofa,Furniture,29687,20546,3
1508,04-11-2023,2023,Nov,South,Tamil Nadu,Chennai,Sofa,Furniture,22001,16141,3
1509,14-11-2024,2024,Nov,West,Maharashtra,Mumbai,Laptop,Electronics,68877,50550,2
1510,14-06-2024,2024,Jun,West,Gujarat,Surat,Tablet,Electronics,23241,16557,1
1511,26-04-2024,2024,Apr,West,Gujarat,Surat,Tablet,Electronics,26420,21037,1
1512,29-01-2024,2024,Jan,South,Karnataka,Bangalore,Table,Furniture,12985,8117,1
1513,27-08-2024,2024,Aug,South,Tamil Nadu,Chennai,Chair,Furniture,4279,2910,4
1514,10-10-2024,2024,Oct,North,Punjab,Amritsar,Laptop,Electronics,41699,32751,2
1515,14-01-2024,2024,Jan,West,Maharashtra,Mumbai,Chair,Furniture,3728,2633,1
1516,17-10-2023,2023,Oct,North,Delhi,Delhi,Tablet,Electronics,34202,25610,5
1517,13-09-2023,2023,Sep,West,Gujarat,Ahmedabad,Sofa,Furniture,18802,13621,4
1518,28-05-2024,2024,May,West,Gujarat,Ahmedabad,Tablet,Electronics,24735,20801,4
1519,07-11-2024,2024,Nov,North,Punjab,Amritsar,Sofa,Furniture,29819,24360,1
1520,30-10-2024,2024,Oct,South,Kerala,Kochi,Table,Furniture,18873,15537,1
1521,27-12-2024,2024,Dec,South,Karnataka,Bangalore,Chair,Furniture,3924,3299,4
1522,31-01-2023,2023,Jan,North,Punjab,Amritsar,Chair,Furniture,8616,6087,3
1523,16-09-2024,2024,Sep,South,Tamil Nadu,Chennai,Sofa,Furniture,15473,10834,2
1524,04-09-2023,2023,Sep,North,Delhi,Delhi,Sofa,Furniture,33139,20060,2
1525,05-09-2024,2024,Sep,North,Punjab,Amritsar,Chair,Furniture,3158,2296,1
1526,21-09-2024,2024,Sep,South,Karnataka,Bangalore,Table,Furniture,18227,15098,2
1527,11-12-2023,2023,Dec,South,Tamil Nadu,Chennai,Sofa,Furniture,18335,14499,3
1528,12-01-2024,2024,Jan,North,Delhi,Delhi,Laptop,Electronics,41692,31220,1
1529,28-04-2024,2024,Apr,North,Punjab,Amritsar,Table,Furniture,19487,14963,2
1530,14-11-2024,2024,Nov,North,Punjab,Amritsar,Tablet,Electronics,33952,24418,4
1531,08-04-2023,2023,Apr,West,Gujarat,Ahmedabad,Laptop,Electronics,63614,49416,1
1532,04-09-2024,2024,Sep,South,Kerala,Kochi,Tablet,Electronics,19777,11905,2
1533,05-02-2023,2023,Feb,West,Gujarat,Surat,Tablet,Electronics,27999,19057,2
1534,18-02-2024,2024,Feb,West,Gujarat,Ahmedabad,Desk,Furniture,10702,8278,3
1535,18-02-2023,2023,Feb,North,Delhi,Delhi,Desk,Furniture,9877,6197,4
1536,29-12-2023,2023,Dec,South,Tamil Nadu,Chennai,Mobile,Electronics,23790,19724,5
1537,05-04-2023,2023,Apr,South,Tamil Nadu,Chennai,Chair,Furniture,3649,2772,1
1538,23-03-2024,2024,Mar,North,Delhi,Delhi,Table,Furniture,15377,11722,1
1539,23-07-2024,2024,Jul,North,Delhi,Delhi,Desk,Furniture,5781,4413,5
1540,02-04-2024,2024,Apr,West,Maharashtra,Mumbai,Sofa,Furniture,17392,11249,2
1541,12-03-2023,2023,Mar,North,Punjab,Amritsar,Sofa,Furniture,25565,16185,1
1542,06-02-2024,2024,Feb,North,Delhi,Delhi,Desk,Furniture,11550,9146,3
1543,12-08-2024,2024,Aug,South,Karnataka,Bangalore,Chair,Furniture,9703,6717,1
1544,06-11-2023,2023,Nov,West,Gujarat,Surat,Mobile,Electronics,16551,11487,2
1545,10-06-2024,2024,Jun,North,Delhi,Delhi,Table,Furniture,19319,14307,2
1546,05-06-2023,2023,Jun,West,Gujarat,Ahmedabad,Desk,Furniture,10921,8774,1
1547,29-06-2024,2024,Jun,South,Karnataka,Bangalore,Table,Furniture,13407,10618,3
1548,20-10-2023,2023,Oct,West,Gujarat,Surat,Table,Furniture,17352,13901,1
1549,23-04-2024,2024,Apr,West,Gujarat,Ahmedabad,Chair,Furniture,7935,5734,1
1550,13-05-2023,2023,May,North,Delhi,Delhi,Chair,Furniture,4246,2704,3
1551,30-08-2023,2023,Aug,West,Maharashtra,Mumbai,Laptop,Electronics,51954,44129,1
1552,12-09-2024,2024,Sep,South,Tamil Nadu,Chennai,Desk,Furniture,7228,5342,3
1553,30-06-2023,2023,Jun,South,Tamil Nadu,Chennai,Chair,Furniture,5071,3856,3
1554,15-02-2023,2023,Feb,South,Karnataka,Bangalore,Desk,Furniture,11064,8141,5
1555,29-04-2024,2024,Apr,West,Gujarat,Surat,Mobile,Electronics,21045,17776,3
1556,02-09-2023,2023,Sep,West,Gujarat,Surat,Sofa,Furniture,17435,14562,5
1557,12-06-2023,2023,Jun,South,Kerala,Kochi,Mobile,Electronics,29931,18508,5
1558,21-07-2024,2024,Jul,West,Gujarat,Surat,Mobile,Electronics,21984,13976,1
1559,27-03-2023,2023,Mar,West,Gujarat,Surat,Table,Furniture,7159,5715,1
1560,18-11-2023,2023,Nov,West,Gujarat,Ahmedabad,Table,Furniture,17051,10709,2
1561,11-09-2023,2023,Sep,South,Kerala,Kochi,Tablet,Electronics,24937,16388,5
1562,10-08-2023,2023,Aug,North,Punjab,Amritsar,Laptop,Electronics,40384,31468,5
1563,04-09-2024,2024,Sep,North,Punjab,Amritsar,Chair,Furniture,5504,3361,1
1564,16-07-2024,2024,Jul,South,Kerala,Kochi,Tablet,Electronics,24528,20107,2
1565,02-12-2024,2024,Dec,South,Kerala,Kochi,Mobile,Electronics,28635,18069,4
1566,17-05-2023,2023,May,North,Punjab,Amritsar,Chair,Furniture,3971,2516,4
1567,24-10-2023,2023,Oct,West,Gujarat,Ahmedabad,Sofa,Furniture,37396,27616,4
1568,05-12-2024,2024,Dec,North,Punjab,Amritsar,Desk,Furniture,7230,5442,5
1569,04-10-2023,2023,Oct,North,Delhi,Delhi,Desk,Furniture,10554,8421,3
1570,08-03-2023,2023,Mar,North,Punjab,Amritsar,Mobile,Electronics,24422,18949,1
1571,17-05-2023,2023,May,South,Karnataka,Bangalore,Chair,Furniture,8114,5835,4
1572,06-03-2024,2024,Mar,North,Delhi,Delhi,Mobile,Electronics,23867,15563,1
1573,09-10-2023,2023,Oct,South,Karnataka,Bangalore,Laptop,Electronics,64184,53294,5
1574,01-11-2024,2024,Nov,West,Maharashtra,Mumbai,Desk,Furniture,13310,11143,2
1575,05-07-2024,2024,Jul,South,Kerala,Kochi,Chair,Furniture,9175,6498,2
1576,17-04-2024,2024,Apr,South,Kerala,Kochi,Laptop,Electronics,52932,37666,5
1577,30-09-2024,2024,Sep,South,Karnataka,Bangalore,Sofa,Furniture,38096,23729,5
1578,08-12-2024,2024,Dec,South,Kerala,Kochi,Laptop,Electronics,66194,43747,3
1579,10-09-2023,2023,Sep,South,Karnataka,Bangalore,Chair,Furniture,8844,6444,5
1580,27-08-2023,2023,Aug,South,Kerala,Kochi,Chair,Furniture,6893,4264,4
1581,11-06-2023,2023,Jun,West,Gujarat,Surat,Table,Furniture,8588,5805,1
1582,13-01-2024,2024,Jan,North,Punjab,Amritsar,Mobile,Electronics,24930,15095,5
1583,09-12-2024,2024,Dec,South,Karnataka,Bangalore,Chair,Furniture,5887,4838,5
1584,02-06-2024,2024,Jun,South,Karnataka,Bangalore,Mobile,Electronics,23528,16999,3
1585,02-07-2023,2023,Jul,West,Gujarat,Surat,Mobile,Electronics,22824,14903,3
1586,16-12-2024,2024,Dec,North,Delhi,Delhi,Sofa,Furniture,24326,19601,4
1587,04-05-2024,2024,May,North,Punjab,Amritsar,Table,Furniture,7704,4671,4
1588,05-01-2024,2024,Jan,North,Delhi,Delhi,Tablet,Electronics,15761,10280,1
1589,23-07-2023,2023,Jul,North,Delhi,Delhi,Mobile,Electronics,20030,16285,4
1590,28-04-2023,2023,Apr,South,Karnataka,Bangalore,Laptop,Electronics,57860,35080,1
1591,23-11-2024,2024,Nov,West,Maharashtra,Mumbai,Tablet,Electronics,26736,19913,3
1592,03-05-2023,2023,May,South,Tamil Nadu,Chennai,Tablet,Electronics,18172,12752,1
1593,21-06-2023,2023,Jun,North,Delhi,Delhi,Tablet,Electronics,22403,17076,2
1594,02-06-2024,2024,Jun,South,Kerala,Kochi,Table,Furniture,8362,7084,3
1595,14-08-2024,2024,Aug,North,Punjab,Amritsar,Tablet,Electronics,25058,17299,2
1596,26-12-2023,2023,Dec,West,Gujarat,Ahmedabad,Chair,Furniture,9879,6139,3
1597,29-04-2024,2024,Apr,South,Kerala,Kochi,Mobile,Electronics,19169,14599,3
1598,26-09-2024,2024,Sep,North,Punjab,Amritsar,Desk,Furniture,8005,5278,4
1599,21-06-2023,2023,Jun,West,Gujarat,Ahmedabad,Chair,Furniture,7846,5674,4
1600,20-03-2024,2024,Mar,North,Punjab,Amritsar,Desk,Furniture,14783,9443,1
1601,28-09-2024,2024,Sep,South,Tamil Nadu,Chennai,Table,Furniture,8813,5727,3
1602,05-06-2023,2023,Jun,North,Punjab,Amritsar,Desk,Furniture,5582,3550,4
1603,14-12-2023,2023,Dec,West,Maharashtra,Mumbai,Chair,Furniture,6464,4306,5
1604,08-04-2024,2024,Apr,South,Tamil Nadu,Chennai,Sofa,Furniture,29981,19056,5
1605,08-11-2024,2024,Nov,North,Delhi,Delhi,Mobile,Electronics,11774,9210,3
1606,24-05-2023,2023,May,West,Gujarat,Ahmedabad,Laptop,Electronics,40160,26301,2
1607,03-09-2023,2023,Sep,North,Punjab,Amritsar,Chair,Furniture,4302,2870,1
1608,21-03-2024,2024,Mar,North,Delhi,Delhi,Desk,Furniture,12191,8558,4
1609,16-11-2023,2023,Nov,South,Tamil Nadu,Chennai,Mobile,Electronics,22759,19049,4
1610,26-11-2024,2024,Nov,South,Tamil Nadu,Chennai,Laptop,Electronics,45371,36280,3
1611,11-03-2024,2024,Mar,West,Gujarat,Surat,Sofa,Furniture,23140,19430,3
1612,28-10-2023,2023,Oct,South,Kerala,Kochi,Desk,Furniture,14007,8659,2
1613,16-01-2024,2024,Jan,South,Tamil Nadu,Chennai,Tablet,Electronics,17917,11307,4
1614,13-04-2023,2023,Apr,North,Delhi,Delhi,Tablet,Electronics,26438,20849,3
1615,03-02-2023,2023,Feb,West,Maharashtra,Mumbai,Tablet,Electronics,22495,14223,5
1616,14-03-2024,2024,Mar,North,Punjab,Amritsar,Tablet,Electronics,32440,22293,5
1617,14-05-2023,2023,May,West,Maharashtra,Mumbai,Sofa,Furniture,25286,19212,2
1618,04-11-2024,2024,Nov,West,Gujarat,Surat,Table,Furniture,15369,12532,4
1619,22-03-2024,2024,Mar,North,Delhi,Delhi,Tablet,Electronics,24174,19958,5
1620,08-12-2023,2023,Dec,South,Karnataka,Bangalore,Chair,Furniture,4357,2860,2
1621,23-07-2024,2024,Jul,South,Kerala,Kochi,Desk,Furniture,8315,5280,4
1622,13-10-2024,2024,Oct,West,Gujarat,Surat,Desk,Furniture,9921,8258,5
1623,02-10-2023,2023,Oct,West,Gujarat,Ahmedabad,Desk,Furniture,8687,5460,2
1624,16-09-2023,2023,Sep,West,Gujarat,Surat,Tablet,Electronics,28721,17402,3
1625,16-05-2024,2024,May,West,Maharashtra,Mumbai,Chair,Furniture,5406,4380,1
1626,23-07-2023,2023,Jul,South,Kerala,Kochi,Chair,Furniture,7712,6272,3
1627,11-01-2024,2024,Jan,North,Punjab,Amritsar,Laptop,Electronics,50562,33962,1
1628,08-09-2024,2024,Sep,North,Delhi,Delhi,Sofa,Furniture,31754,23437,2
1629,06-06-2024,2024,Jun,North,Punjab,Amritsar,Table,Furniture,16172,11860,4
1630,17-11-2023,2023,Nov,North,Punjab,Amritsar,Table,Furniture,10545,6926,5
1631,28-11-2023,2023,Nov,South,Tamil Nadu,Chennai,Mobile,Electronics,15921,11807,5
1632,05-07-2024,2024,Jul,West,Maharashtra,Mumbai,Table,Furniture,17729,13293,4
1633,21-12-2023,2023,Dec,North,Punjab,Amritsar,Tablet,Electronics,28851,17862,1
1634,16-12-2023,2023,Dec,South,Kerala,Kochi,Table,Furniture,12547,7656,1
1635,18-02-2023,2023,Feb,West,Maharashtra,Mumbai,Chair,Furniture,6701,4611,3
1636,27-10-2023,2023,Oct,South,Karnataka,Bangalore,Table,Furniture,7471,6084,5
1637,22-04-2024,2024,Apr,North,Punjab,Amritsar,Desk,Furniture,8531,6827,3
1638,02-11-2023,2023,Nov,North,Delhi,Delhi,Sofa,Furniture,20771,13425,2
1639,14-10-2023,2023,Oct,West,Gujarat,Surat,Table,Furniture,10248,8157,5
1640,06-07-2024,2024,Jul,West,Maharashtra,Mumbai,Sofa,Furniture,17653,12155,3
1641,12-08-2023,2023,Aug,South,Kerala,Kochi,Chair,Furniture,5443,3906,3
1642,24-05-2023,2023,May,West,Gujarat,Surat,Sofa,Furniture,30424,24665,2
1643,19-04-2023,2023,Apr,West,Gujarat,Ahmedabad,Mobile,Electronics,29286,18453,3
1644,19-01-2023,2023,Jan,South,Kerala,Kochi,Sofa,Furniture,18991,11594,2
1645,24-11-2023,2023,Nov,North,Punjab,Amritsar,Laptop,Electronics,62037,52075,5
1646,20-05-2024,2024,May,West,Gujarat,Ahmedabad,Tablet,Electronics,15745,13382,3
1647,25-08-2024,2024,Aug,North,Punjab,Amritsar,Table,Furniture,14893,10947,1
1648,20-10-2024,2024,Oct,West,Maharashtra,Mumbai,Tablet,Electronics,25329,20651,3
1649,22-08-2024,2024,Aug,North,Punjab,Amritsar,Mobile,Electronics,20706,13275,4
1650,12-08-2024,2024,Aug,West,Gujarat,Ahmedabad,Chair,Furniture,3435,2281,3
1651,12-04-2023,2023,Apr,South,Tamil Nadu,Chennai,Table,Furniture,13029,7929,1
1652,03-07-2023,2023,Jul,North,Punjab,Amritsar,Chair,Furniture,8381,5923,5
1653,07-03-2023,2023,Mar,North,Punjab,Amritsar,Tablet,Electronics,17825,12278,2
1654,14-12-2024,2024,Dec,South,Karnataka,Bangalore,Desk,Furniture,10959,8329,1
1655,25-08-2023,2023,Aug,West,Gujarat,Surat,Mobile,Electronics,14491,10399,3
1656,17-08-2024,2024,Aug,North,Punjab,Amritsar,Sofa,Furniture,34933,24486,5
1657,17-03-2023,2023,Mar,West,Maharashtra,Mumbai,Laptop,Electronics,51636,37269,2
1658,07-01-2023,2023,Jan,South,Tamil Nadu,Chennai,Chair,Furniture,5569,3428,3
1659,26-02-2024,2024,Feb,West,Gujarat,Ahmedabad,Chair,Furniture,6233,3895,5
1660,17-05-2023,2023,May,North,Punjab,Amritsar,Mobile,Electronics,16335,12866,4
1661,06-03-2024,2024,Mar,North,Delhi,Delhi,Tablet,Electronics,19476,12615,3
1662,30-05-2024,2024,May,North,Punjab,Amritsar,Mobile,Electronics,11984,7966,3
1663,24-11-2024,2024,Nov,West,Maharashtra,Mumbai,Desk,Furniture,14606,10837,1
1664,13-06-2023,2023,Jun,West,Maharashtra,Mumbai,Sofa,Furniture,30796,22299,5
1665,25-09-2024,2024,Sep,North,Punjab,Amritsar,Mobile,Electronics,21178,14432,1
1666,27-08-2024,2024,Aug,South,Karnataka,Bangalore,Sofa,Furniture,31175,19673,5
1667,26-04-2023,2023,Apr,North,Delhi,Delhi,Desk,Furniture,13064,10476,4
1668,03-03-2024,2024,Mar,North,Punjab,Amritsar,Mobile,Electronics,14308,9646,3
1669,13-06-2023,2023,Jun,South,Tamil Nadu,Chennai,Table,Furniture,18809,13510,1
1670,08-06-2024,2024,Jun,South,Karnataka,Bangalore,Sofa,Furniture,39958,30361,4
1671,09-11-2024,2024,Nov,North,Punjab,Amritsar,Laptop,Electronics,42838,32052,5
1672,20-03-2024,2024,Mar,North,Delhi,Delhi,Chair,Furniture,3524,2984,3
1673,16-01-2024,2024,Jan,South,Tamil Nadu,Chennai,Table,Furniture,11742,8808,3
1674,25-10-2023,2023,Oct,West,Gujarat,Ahmedabad,Desk,Furniture,11336,6827,3
1675,12-11-2024,2024,Nov,South,Tamil Nadu,Chennai,Tablet,Electronics,19202,15590,4
1676,03-02-2023,2023,Feb,West,Gujarat,Ahmedabad,Tablet,Electronics,16230,11255,3
1677,01-03-2023,2023,Mar,South,Tamil Nadu,Chennai,Mobile,Electronics,19708,16168,1
1678,27-06-2023,2023,Jun,West,Gujarat,Ahmedabad,Tablet,Electronics,15526,10618,4
1679,22-07-2024,2024,Jul,South,Karnataka,Bangalore,Mobile,Electronics,20674,16294,2
1680,05-01-2023,2023,Jan,North,Punjab,Amritsar,Laptop,Electronics,42220,32732,3
1681,23-01-2023,2023,Jan,South,Karnataka,Bangalore,Table,Furniture,7965,4886,5
1682,03-06-2024,2024,Jun,West,Gujarat,Ahmedabad,Laptop,Electronics,42904,28970,4
1683,28-07-2023,2023,Jul,West,Maharashtra,Mumbai,Laptop,Electronics,66157,49188,4
1684,01-12-2024,2024,Dec,West,Gujarat,Surat,Table,Furniture,19236,13906,4
1685,01-04-2023,2023,Apr,South,Karnataka,Bangalore,Laptop,Electronics,59519,38211,2
1686,25-12-2023,2023,Dec,South,Tamil Nadu,Chennai,Chair,Furniture,4886,3060,5
1687,29-12-2023,2023,Dec,North,Punjab,Amritsar,Chair,Furniture,3866,3204,4
1688,07-01-2023,2023,Jan,South,Tamil Nadu,Chennai,Sofa,Furniture,15663,11440,3
1689,03-07-2024,2024,Jul,South,Karnataka,Bangalore,Laptop,Electronics,54408,46195,4
1690,22-04-2024,2024,Apr,West,Gujarat,Surat,Chair,Furniture,4794,3673,2
1691,03-10-2024,2024,Oct,West,Maharashtra,Mumbai,Chair,Furniture,8967,7269,3
1692,24-08-2023,2023,Aug,West,Maharashtra,Mumbai,Laptop,Electronics,58098,48883,2
1693,24-07-2023,2023,Jul,West,Gujarat,Surat,Table,Furniture,10022,8258,3
1694,12-06-2024,2024,Jun,West,Gujarat,Surat,Mobile,Electronics,25557,21117,2
1695,17-01-2024,2024,Jan,North,Delhi,Delhi,Desk,Furniture,6102,3791,2
1696,30-10-2023,2023,Oct,West,Gujarat,Surat,Chair,Furniture,4692,3953,3
1697,13-04-2024,2024,Apr,South,Kerala,Kochi,Mobile,Electronics,15886,9762,1
1698,28-09-2023,2023,Sep,West,Gujarat,Ahmedabad,Sofa,Furniture,17543,11607,5
1699,05-10-2024,2024,Oct,North,Punjab,Amritsar,Table,Furniture,15829,11391,2
1700,09-09-2023,2023,Sep,North,Delhi,Delhi,Sofa,Furniture,23949,15654,3
1701,24-11-2023,2023,Nov,North,Delhi,Delhi,Tablet,Electronics,23022,17734,3
1702,16-04-2024,2024,Apr,West,Gujarat,Surat,Chair,Furniture,8485,6006,2
1703,25-07-2024,2024,Jul,North,Punjab,Amritsar,Table,Furniture,8493,5604,2
1704,23-11-2023,2023,Nov,South,Karnataka,Bangalore,Desk,Furniture,10890,7575,3
1705,28-10-2023,2023,Oct,West,Gujarat,Ahmedabad,Table,Furniture,13894,9072,1
1706,25-02-2023,2023,Feb,North,Punjab,Amritsar,Laptop,Electronics,55287,40666,3
1707,03-01-2024,2024,Jan,South,Kerala,Kochi,Mobile,Electronics,12019,9539,4
1708,06-08-2024,2024,Aug,South,Kerala,Kochi,Chair,Furniture,3096,2410,4
1709,19-04-2024,2024,Apr,North,Delhi,Delhi,Sofa,Furniture,16675,11298,4
1710,31-10-2024,2024,Oct,North,Delhi,Delhi,Sofa,Furniture,19191,13854,5
1711,26-04-2024,2024,Apr,South,Kerala,Kochi,Table,Furniture,8963,6760,2
1712,21-12-2024,2024,Dec,West,Maharashtra,Mumbai,Laptop,Electronics,58748,43020,2
1713,24-10-2023,2023,Oct,South,Tamil Nadu,Chennai,Sofa,Furniture,39483,32129,1
1714,07-10-2023,2023,Oct,West,Maharashtra,Mumbai,Sofa,Furniture,22703,17668,3
1715,19-02-2023,2023,Feb,West,Gujarat,Surat,Table,Furniture,12112,9272,1
1716,19-02-2024,2024,Feb,West,Maharashtra,Mumbai,Desk,Furniture,9557,5989,3
1717,17-02-2024,2024,Feb,West,Gujarat,Surat,Tablet,Electronics,33870,25121,2
1718,20-09-2024,2024,Sep,North,Delhi,Delhi,Laptop,Electronics,61679,41208,2
1719,24-11-2023,2023,Nov,North,Delhi,Delhi,Table,Furniture,10575,8875,1
1720,19-10-2023,2023,Oct,West,Maharashtra,Mumbai,Desk,Furniture,11428,9352,4
1721,29-08-2024,2024,Aug,South,Kerala,Kochi,Table,Furniture,17308,11130,4
1722,09-11-2024,2024,Nov,North,Punjab,Amritsar,Table,Furniture,8852,5899,4
1723,23-08-2024,2024,Aug,West,Gujarat,Ahmedabad,Chair,Furniture,8299,6478,4
1724,26-12-2024,2024,Dec,South,Kerala,Kochi,Table,Furniture,11835,8348,1
1725,15-05-2023,2023,May,West,Gujarat,Ahmedabad,Desk,Furniture,12737,8761,2
1726,29-08-2023,2023,Aug,South,Tamil Nadu,Chennai,Desk,Furniture,13878,8970,5
1727,14-08-2024,2024,Aug,South,Kerala,Kochi,Chair,Furniture,4001,2916,3
1728,06-01-2024,2024,Jan,West,Maharashtra,Mumbai,Tablet,Electronics,16543,11687,2
1729,24-10-2023,2023,Oct,West,Gujarat,Ahmedabad,Table,Furniture,8041,5113,5
1730,10-07-2023,2023,Jul,West,Maharashtra,Mumbai,Table,Furniture,12178,7707,5
1731,23-12-2024,2024,Dec,West,Gujarat,Ahmedabad,Sofa,Furniture,25636,21642,5
1732,02-04-2024,2024,Apr,North,Punjab,Amritsar,Table,Furniture,11225,9214,4
1733,23-03-2024,2024,Mar,West,Gujarat,Surat,Table,Furniture,13275,8479,5
1734,19-10-2023,2023,Oct,South,Tamil Nadu,Chennai,Tablet,Electronics,24004,16989,5
1735,18-07-2023,2023,Jul,South,Tamil Nadu,Chennai,Table,Furniture,11922,7512,4
1736,13-01-2024,2024,Jan,South,Karnataka,Bangalore,Chair,Furniture,7314,5296,4
1737,28-10-2024,2024,Oct,West,Maharashtra,Mumbai,Table,Furniture,13029,9587,2
1738,26-11-2023,2023,Nov,West,Gujarat,Surat,Mobile,Electronics,21000,16689,2
1739,09-11-2023,2023,Nov,West,Gujarat,Surat,Mobile,Electronics,14357,12091,1
1740,05-10-2023,2023,Oct,North,Delhi,Delhi,Tablet,Electronics,31997,25382,2
1741,27-07-2024,2024,Jul,South,Karnataka,Bangalore,Tablet,Electronics,25279,18307,4
1742,13-10-2023,2023,Oct,West,Gujarat,Ahmedabad,Mobile,Electronics,13114,10958,2
1743,25-07-2024,2024,Jul,West,Gujarat,Surat,Chair,Furniture,8574,6644,4
1744,18-02-2024,2024,Feb,West,Gujarat,Surat,Table,Furniture,19958,16195,5
1745,06-04-2023,2023,Apr,North,Delhi,Delhi,Chair,Furniture,3563,2547,4
1746,10-06-2023,2023,Jun,South,Tamil Nadu,Chennai,Chair,Furniture,5832,4949,5
1747,07-06-2023,2023,Jun,West,Gujarat,Ahmedabad,Desk,Furniture,10796,7621,3
1748,25-08-2023,2023,Aug,South,Tamil Nadu,Chennai,Sofa,Furniture,22350,14671,5
1749,02-02-2023,2023,Feb,West,Gujarat,Ahmedabad,Desk,Furniture,14048,9198,2
1750,06-08-2024,2024,Aug,West,Gujarat,Surat,Sofa,Furniture,15881,12553,5
1751,31-12-2023,2023,Dec,North,Delhi,Delhi,Tablet,Electronics,22655,16494,4
1752,29-05-2023,2023,May,West,Gujarat,Surat,Laptop,Electronics,54000,45021,5
1753,20-03-2024,2024,Mar,West,Maharashtra,Mumbai,Sofa,Furniture,15096,9500,1
1754,24-10-2023,2023,Oct,North,Delhi,Delhi,Chair,Furniture,3649,2691,4
1755,18-05-2024,2024,May,South,Karnataka,Bangalore,Chair,Furniture,5226,3173,3
1756,11-04-2024,2024,Apr,South,Tamil Nadu,Chennai,Laptop,Electronics,69876,47697,5
1757,10-08-2023,2023,Aug,South,Karnataka,Bangalore,Sofa,Furniture,38654,24300,2
1758,26-01-2023,2023,Jan,North,Delhi,Delhi,Laptop,Electronics,56119,46435,2
1759,06-01-2023,2023,Jan,South,Karnataka,Bangalore,Table,Furniture,12485,8883,1
1760,06-01-2023,2023,Jan,South,Kerala,Kochi,Sofa,Furniture,34557,26530,1
1761,04-07-2023,2023,Jul,South,Tamil Nadu,Chennai,Sofa,Furniture,28347,22496,3
1762,14-11-2023,2023,Nov,South,Kerala,Kochi,Chair,Furniture,8834,6566,2
1763,30-07-2023,2023,Jul,South,Kerala,Kochi,Desk,Furniture,5080,3760,2
1764,18-12-2023,2023,Dec,North,Punjab,Amritsar,Desk,Furniture,8280,6717,3
1765,19-06-2023,2023,Jun,West,Gujarat,Surat,Table,Furniture,9864,6294,3
1766,11-04-2024,2024,Apr,West,Gujarat,Ahmedabad,Laptop,Electronics,59791,47053,1
1767,08-09-2023,2023,Sep,North,Punjab,Amritsar,Table,Furniture,18658,15294,1
1768,19-07-2024,2024,Jul,North,Punjab,Amritsar,Chair,Furniture,7195,4561,3
1769,04-02-2023,2023,Feb,North,Punjab,Amritsar,Tablet,Electronics,33707,28354,4
1770,10-10-2024,2024,Oct,West,Gujarat,Ahmedabad,Chair,Furniture,6194,4887,1
1771,26-06-2023,2023,Jun,South,Tamil Nadu,Chennai,Desk,Furniture,10827,8575,3
1772,08-04-2023,2023,Apr,West,Maharashtra,Mumbai,Table,Furniture,13886,8996,3
1773,23-06-2024,2024,Jun,West,Maharashtra,Mumbai,Desk,Furniture,13187,10027,1
1774,24-11-2023,2023,Nov,West,Maharashtra,Mumbai,Chair,Furniture,6452,5146,1
1775,02-08-2023,2023,Aug,West,Gujarat,Surat,Table,Furniture,16531,13303,5
1776,23-03-2023,2023,Mar,South,Tamil Nadu,Chennai,Chair,Furniture,3602,2414,5
1777,25-04-2024,2024,Apr,West,Maharashtra,Mumbai,Mobile,Electronics,17149,10705,3
1778,02-09-2023,2023,Sep,West,Gujarat,Surat,Mobile,Electronics,26364,20674,5
1779,29-01-2024,2024,Jan,West,Maharashtra,Mumbai,Laptop,Electronics,59972,41449,2
1780,09-04-2024,2024,Apr,West,Maharashtra,Mumbai,Table,Furniture,15288,11110,3
1781,30-09-2024,2024,Sep,North,Delhi,Delhi,Mobile,Electronics,20165,15741,2
1782,11-02-2024,2024,Feb,North,Delhi,Delhi,Desk,Furniture,13375,9647,2
1783,06-09-2024,2024,Sep,West,Maharashtra,Mumbai,Table,Furniture,16538,11149,3
1784,13-01-2023,2023,Jan,North,Delhi,Delhi,Laptop,Electronics,49489,32222,3
1785,16-12-2024,2024,Dec,South,Karnataka,Bangalore,Laptop,Electronics,40559,24450,1
1786,25-08-2024,2024,Aug,West,Gujarat,Surat,Tablet,Electronics,26620,20451,3
1787,20-09-2024,2024,Sep,West,Gujarat,Ahmedabad,Laptop,Electronics,49435,39957,5
1788,22-08-2023,2023,Aug,West,Gujarat,Surat,Desk,Furniture,13519,9023,1
1789,19-05-2024,2024,May,North,Delhi,Delhi,Tablet,Electronics,33137,22424,5
1790,07-11-2023,2023,Nov,West,Gujarat,Surat,Tablet,Electronics,30677,20382,2
1791,25-11-2024,2024,Nov,South,Karnataka,Bangalore,Table,Furniture,17429,14690,3
1792,20-05-2023,2023,May,North,Delhi,Delhi,Laptop,Electronics,63000,39216,5
1793,09-02-2023,2023,Feb,West,Gujarat,Ahmedabad,Mobile,Electronics,18086,14873,2
1794,16-07-2024,2024,Jul,North,Punjab,Amritsar,Chair,Furniture,7722,5316,5
1795,12-11-2023,2023,Nov,South,Karnataka,Bangalore,Laptop,Electronics,40139,26802,4
1796,24-08-2024,2024,Aug,North,Punjab,Amritsar,Laptop,Electronics,57067,36348,2
1797,24-05-2024,2024,May,West,Maharashtra,Mumbai,Laptop,Electronics,47175,30886,4
1798,15-12-2023,2023,Dec,West,Gujarat,Surat,Desk,Furniture,8524,5552,1
1799,02-07-2023,2023,Jul,West,Gujarat,Ahmedabad,Desk,Furniture,9785,8103,4
1800,20-07-2023,2023,Jul,West,Gujarat,Ahmedabad,Chair,Furniture,8481,5602,2
1801,22-02-2023,2023,Feb,South,Karnataka,Bangalore,Desk,Furniture,13199,10057,4
1802,11-09-2024,2024,Sep,South,Tamil Nadu,Chennai,Sofa,Furniture,27834,20619,3
1803,23-09-2023,2023,Sep,South,Tamil Nadu,Chennai,Desk,Furniture,10798,9141,2
1804,13-06-2024,2024,Jun,North,Delhi,Delhi,Table,Furniture,14134,10318,2
1805,11-05-2023,2023,May,North,Delhi,Delhi,Mobile,Electronics,25597,16996,4
1806,12-06-2024,2024,Jun,South,Kerala,Kochi,Mobile,Electronics,27351,17519,4
1807,07-08-2023,2023,Aug,South,Tamil Nadu,Chennai,Mobile,Electronics,10832,8472,4
1808,30-06-2024,2024,Jun,West,Gujarat,Surat,Tablet,Electronics,22784,15497,1
1809,17-04-2024,2024,Apr,South,Karnataka,Bangalore,Table,Furniture,11864,7333,4
1810,09-03-2024,2024,Mar,West,Gujarat,Surat,Chair,Furniture,9672,6929,5
1811,08-10-2023,2023,Oct,South,Kerala,Kochi,Desk,Furniture,6908,4898,3
1812,13-07-2023,2023,Jul,North,Punjab,Amritsar,Tablet,Electronics,20680,13579,2
1813,17-04-2023,2023,Apr,South,Kerala,Kochi,Tablet,Electronics,23212,17573,4
1814,05-04-2024,2024,Apr,North,Punjab,Amritsar,Sofa,Furniture,15108,11098,5
1815,27-12-2024,2024,Dec,South,Karnataka,Bangalore,Mobile,Electronics,13814,9633,4
1816,30-09-2024,2024,Sep,North,Delhi,Delhi,Desk,Furniture,6134,4334,5
1817,15-11-2023,2023,Nov,West,Gujarat,Surat,Chair,Furniture,8422,5837,1
1818,30-11-2024,2024,Nov,West,Maharashtra,Mumbai,Mobile,Electronics,11263,8639,5
1819,03-11-2023,2023,Nov,West,Maharashtra,Mumbai,Chair,Furniture,4349,2701,4
1820,31-03-2024,2024,Mar,North,Delhi,Delhi,Chair,Furniture,4575,3740,2
1821,04-04-2024,2024,Apr,South,Kerala,Kochi,Chair,Furniture,4598,3025,3
1822,02-06-2024,2024,Jun,West,Maharashtra,Mumbai,Table,Furniture,19680,15731,5
1823,07-03-2024,2024,Mar,South,Kerala,Kochi,Mobile,Electronics,19550,12284,1
1824,18-03-2023,2023,Mar,North,Punjab,Amritsar,Sofa,Furniture,21716,14957,1
1825,28-04-2024,2024,Apr,North,Delhi,Delhi,Tablet,Electronics,24079,20191,4
1826,10-07-2023,2023,Jul,West,Maharashtra,Mumbai,Laptop,Electronics,56017,33652,4
1827,25-11-2023,2023,Nov,North,Delhi,Delhi,Laptop,Electronics,69239,49006,3
1828,29-12-2023,2023,Dec,South,Tamil Nadu,Chennai,Sofa,Furniture,24587,19185,5
1829,22-04-2024,2024,Apr,North,Delhi,Delhi,Tablet,Electronics,30120,23772,5
1830,13-09-2023,2023,Sep,North,Punjab,Amritsar,Sofa,Furniture,31038,23994,3
1831,03-12-2023,2023,Dec,West,Maharashtra,Mumbai,Desk,Furniture,13603,10722,4
1832,18-08-2024,2024,Aug,North,Punjab,Amritsar,Mobile,Electronics,28347,20658,1
1833,24-03-2024,2024,Mar,South,Tamil Nadu,Chennai,Mobile,Electronics,10303,6724,3
1834,20-10-2024,2024,Oct,West,Maharashtra,Mumbai,Desk,Furniture,5275,3323,5
1835,22-07-2023,2023,Jul,South,Kerala,Kochi,Chair,Furniture,8258,6227,3
1836,13-07-2023,2023,Jul,South,Kerala,Kochi,Tablet,Electronics,25557,18569,1
1837,13-03-2023,2023,Mar,West,Maharashtra,Mumbai,Mobile,Electronics,28209,21827,1
1838,15-11-2023,2023,Nov,South,Kerala,Kochi,Mobile,Electronics,20449,14859,4
1839,06-01-2023,2023,Jan,North,Delhi,Delhi,Sofa,Furniture,18103,14633,1
1840,20-08-2023,2023,Aug,West,Gujarat,Ahmedabad,Chair,Furniture,5242,3615,3
1841,14-06-2023,2023,Jun,West,Gujarat,Ahmedabad,Desk,Furniture,6853,4380,1
1842,29-10-2023,2023,Oct,North,Delhi,Delhi,Chair,Furniture,4260,3184,3
1843,25-08-2023,2023,Aug,South,Karnataka,Bangalore,Table,Furniture,11037,7773,4
1844,28-11-2024,2024,Nov,West,Gujarat,Ahmedabad,Chair,Furniture,6724,5466,1
1845,07-12-2023,2023,Dec,North,Punjab,Amritsar,Mobile,Electronics,14859,12455,3
1846,24-10-2024,2024,Oct,South,Karnataka,Bangalore,Sofa,Furniture,27509,18017,5
1847,04-03-2023,2023,Mar,South,Tamil Nadu,Chennai,Table,Furniture,13366,10080,4
1848,13-07-2024,2024,Jul,West,Gujarat,Surat,Laptop,Electronics,49875,38654,5
1849,16-04-2024,2024,Apr,North,Delhi,Delhi,Table,Furniture,18326,14199,4
1850,03-03-2023,2023,Mar,North,Delhi,Delhi,Mobile,Electronics,29147,21490,2
1851,15-09-2023,2023,Sep,West,Gujarat,Surat,Table,Furniture,13675,11561,4
1852,29-07-2024,2024,Jul,West,Gujarat,Ahmedabad,Laptop,Electronics,49479,32614,2
1853,05-04-2023,2023,Apr,South,Karnataka,Bangalore,Sofa,Furniture,22201,18852,5
1854,06-07-2023,2023,Jul,West,Maharashtra,Mumbai,Tablet,Electronics,20378,16384,2
1855,14-04-2024,2024,Apr,North,Punjab,Amritsar,Mobile,Electronics,12906,10630,4
1856,16-08-2024,2024,Aug,West,Gujarat,Surat,Tablet,Electronics,31735,21411,4
1857,16-07-2024,2024,Jul,South,Karnataka,Bangalore,Table,Furniture,16446,12343,1
1858,12-01-2024,2024,Jan,North,Punjab,Amritsar,Sofa,Furniture,20560,16079,5
1859,19-11-2023,2023,Nov,South,Kerala,Kochi,Chair,Furniture,7683,5409,1
1860,04-10-2023,2023,Oct,West,Gujarat,Ahmedabad,Table,Furniture,10277,7830,5
1861,27-01-2024,2024,Jan,South,Tamil Nadu,Chennai,Desk,Furniture,9459,6852,2
1862,23-04-2023,2023,Apr,South,Karnataka,Bangalore,Laptop,Electronics,54545,37483,4
1863,02-12-2023,2023,Dec,South,Tamil Nadu,Chennai,Tablet,Electronics,21783,16629,2
1864,27-09-2024,2024,Sep,West,Maharashtra,Mumbai,Laptop,Electronics,66325,48870,4
1865,24-03-2023,2023,Mar,South,Tamil Nadu,Chennai,Sofa,Furniture,15242,12610,2
1866,28-05-2024,2024,May,West,Gujarat,Surat,Desk,Furniture,6491,5148,1
1867,27-01-2023,2023,Jan,South,Tamil Nadu,Chennai,Laptop,Electronics,51215,41958,2
1868,30-10-2023,2023,Oct,South,Tamil Nadu,Chennai,Laptop,Electronics,65098,53936,1
1869,23-02-2023,2023,Feb,South,Kerala,Kochi,Chair,Furniture,4664,3057,5
1870,15-10-2023,2023,Oct,South,Karnataka,Bangalore,Laptop,Electronics,59564,44633,2
1871,08-02-2023,2023,Feb,South,Kerala,Kochi,Sofa,Furniture,39425,30020,1
1872,13-10-2023,2023,Oct,West,Gujarat,Surat,Table,Furniture,11583,9708,2
1873,25-05-2024,2024,May,South,Kerala,Kochi,Desk,Furniture,14905,10851,3
1874,03-11-2024,2024,Nov,West,Gujarat,Ahmedabad,Sofa,Furniture,37412,27168,4
1875,07-07-2024,2024,Jul,West,Gujarat,Ahmedabad,Desk,Furniture,11586,9657,4
1876,11-11-2023,2023,Nov,South,Karnataka,Bangalore,Chair,Furniture,3399,2185,1
1877,11-05-2023,2023,May,South,Tamil Nadu,Chennai,Table,Furniture,10455,6866,3
1878,30-03-2023,2023,Mar,South,Tamil Nadu,Chennai,Laptop,Electronics,50567,41067,5
1879,12-09-2024,2024,Sep,North,Punjab,Amritsar,Chair,Furniture,8141,5562,4
1880,08-09-2023,2023,Sep,West,Maharashtra,Mumbai,Tablet,Electronics,28611,19278,4
1881,17-11-2023,2023,Nov,North,Punjab,Amritsar,Laptop,Electronics,48234,35829,1
1882,23-03-2024,2024,Mar,West,Gujarat,Ahmedabad,Mobile,Electronics,21529,15324,2
1883,02-02-2024,2024,Feb,West,Gujarat,Surat,Desk,Furniture,11059,8925,4
1884,15-05-2024,2024,May,West,Gujarat,Ahmedabad,Sofa,Furniture,31395,21846,1
1885,19-04-2023,2023,Apr,West,Gujarat,Surat,Sofa,Furniture,36634,25603,5
1886,25-08-2024,2024,Aug,South,Tamil Nadu,Chennai,Desk,Furniture,7058,5523,2
1887,24-06-2024,2024,Jun,North,Delhi,Delhi,Table,Furniture,18003,13772,5
1888,26-03-2024,2024,Mar,South,Kerala,Kochi,Table,Furniture,9183,6194,4
1889,31-10-2023,2023,Oct,West,Maharashtra,Mumbai,Laptop,Electronics,58246,38406,1
1890,26-09-2023,2023,Sep,South,Kerala,Kochi,Table,Furniture,11074,8352,1
1891,19-10-2024,2024,Oct,North,Delhi,Delhi,Table,Furniture,9063,6341,4
1892,10-11-2024,2024,Nov,West,Maharashtra,Mumbai,Sofa,Furniture,27381,22710,5
1893,13-03-2023,2023,Mar,South,Karnataka,Bangalore,Tablet,Electronics,29837,20629,3
1894,08-05-2023,2023,May,North,Punjab,Amritsar,Mobile,Electronics,19921,11979,4
1895,09-08-2024,2024,Aug,South,Kerala,Kochi,Tablet,Electronics,27967,19956,3
1896,27-10-2023,2023,Oct,South,Kerala,Kochi,Desk,Furniture,12700,8855,1
1897,28-06-2024,2024,Jun,West,Gujarat,Ahmedabad,Sofa,Furniture,23889,15192,5
1898,09-04-2024,2024,Apr,West,Gujarat,Ahmedabad,Sofa,Furniture,34259,22998,2
1899,09-12-2024,2024,Dec,North,Delhi,Delhi,Chair,Furniture,4981,4104,5
1900,24-05-2023,2023,May,South,Karnataka,Bangalore,Table,Furniture,7246,4688,5
1901,11-06-2024,2024,Jun,South,Karnataka,Bangalore,Mobile,Electronics,10564,8360,1
1902,03-04-2023,2023,Apr,West,Gujarat,Surat,Table,Furniture,9594,7798,2
1903,27-03-2023,2023,Mar,South,Kerala,Kochi,Desk,Furniture,13784,11403,3
1904,09-10-2024,2024,Oct,North,Punjab,Amritsar,Table,Furniture,18765,12509,5
1905,26-11-2024,2024,Nov,West,Maharashtra,Mumbai,Sofa,Furniture,30612,23541,2
1906,03-09-2023,2023,Sep,West,Gujarat,Surat,Sofa,Furniture,15404,10848,4
1907,01-03-2023,2023,Mar,West,Maharashtra,Mumbai,Sofa,Furniture,22865,17306,5
1908,14-05-2023,2023,May,South,Karnataka,Bangalore,Sofa,Furniture,31508,24262,1
1909,01-09-2024,2024,Sep,South,Kerala,Kochi,Laptop,Electronics,63198,50863,2
1910,10-01-2024,2024,Jan,North,Punjab,Amritsar,Mobile,Electronics,10732,6820,4
1911,14-08-2023,2023,Aug,West,Maharashtra,Mumbai,Tablet,Electronics,19960,12815,3
1912,26-01-2024,2024,Jan,North,Delhi,Delhi,Mobile,Electronics,14883,11342,5
1913,12-06-2023,2023,Jun,West,Maharashtra,Mumbai,Mobile,Electronics,11906,9701,4
1914,18-02-2024,2024,Feb,South,Tamil Nadu,Chennai,Chair,Furniture,9571,5753,3
1915,21-06-2023,2023,Jun,West,Maharashtra,Mumbai,Tablet,Electronics,24488,18430,5
1916,09-08-2023,2023,Aug,West,Gujarat,Surat,Tablet,Electronics,24947,18094,3
1917,25-07-2024,2024,Jul,North,Punjab,Amritsar,Chair,Furniture,3333,2494,3
1918,24-04-2024,2024,Apr,North,Punjab,Amritsar,Desk,Furniture,10136,7299,4
1919,06-10-2023,2023,Oct,South,Kerala,Kochi,Table,Furniture,7138,5539,3
1920,09-05-2024,2024,May,South,Kerala,Kochi,Desk,Furniture,14064,10682,4
1921,07-02-2024,2024,Feb,South,Tamil Nadu,Chennai,Tablet,Electronics,34530,26849,2
1922,08-08-2023,2023,Aug,West,Gujarat,Surat,Chair,Furniture,9577,7005,4
1923,31-05-2023,2023,May,West,Gujarat,Surat,Tablet,Electronics,21940,18378,1
1924,15-04-2024,2024,Apr,West,Gujarat,Surat,Sofa,Furniture,29719,21239,1
1925,03-04-2023,2023,Apr,West,Maharashtra,Mumbai,Mobile,Electronics,14832,10565,4
1926,19-02-2023,2023,Feb,South,Tamil Nadu,Chennai,Tablet,Electronics,24408,15945,1
1927,22-10-2023,2023,Oct,South,Tamil Nadu,Chennai,Desk,Furniture,9867,8276,5
1928,24-09-2023,2023,Sep,South,Tamil Nadu,Chennai,Sofa,Furniture,23367,17077,3
1929,22-09-2023,2023,Sep,West,Maharashtra,Mumbai,Chair,Furniture,9383,7910,4
1930,29-03-2024,2024,Mar,North,Punjab,Amritsar,Sofa,Furniture,18949,13970,1
1931,19-10-2023,2023,Oct,West,Gujarat,Surat,Table,Furniture,9776,6071,5
1932,26-06-2024,2024,Jun,South,Tamil Nadu,Chennai,Desk,Furniture,7405,5747,4
1933,24-09-2023,2023,Sep,South,Kerala,Kochi,Table,Furniture,10684,7772,4
1934,29-01-2024,2024,Jan,South,Tamil Nadu,Chennai,Tablet,Electronics,24394,18231,3
1935,01-04-2023,2023,Apr,South,Tamil Nadu,Chennai,Chair,Furniture,5526,4433,2
1936,27-07-2024,2024,Jul,West,Maharashtra,Mumbai,Table,Furniture,16399,11093,3
1937,28-03-2024,2024,Mar,South,Kerala,Kochi,Chair,Furniture,7795,5439,4
1938,12-08-2024,2024,Aug,South,Kerala,Kochi,Tablet,Electronics,19759,14941,3
1939,23-05-2024,2024,May,West,Maharashtra,Mumbai,Table,Furniture,19273,14565,4
1940,26-07-2023,2023,Jul,South,Tamil Nadu,Chennai,Desk,Furniture,11715,9885,3
1941,13-02-2024,2024,Feb,North,Punjab,Amritsar,Mobile,Electronics,25989,18543,2
1942,03-05-2024,2024,May,West,Gujarat,Surat,Sofa,Furniture,20745,12815,4
1943,25-01-2023,2023,Jan,West,Maharashtra,Mumbai,Tablet,Electronics,22432,14511,1
1944,22-06-2023,2023,Jun,North,Delhi,Delhi,Chair,Furniture,4991,3210,5
1945,14-02-2024,2024,Feb,South,Kerala,Kochi,Tablet,Electronics,32503,21100,5
1946,21-03-2023,2023,Mar,South,Karnataka,Bangalore,Table,Furniture,18614,12859,1
1947,11-12-2023,2023,Dec,West,Maharashtra,Mumbai,Tablet,Electronics,26821,19171,2
1948,02-10-2023,2023,Oct,North,Punjab,Amritsar,Sofa,Furniture,15866,10423,5
1949,18-07-2024,2024,Jul,South,Kerala,Kochi,Desk,Furniture,7051,5000,5
1950,26-09-2024,2024,Sep,West,Gujarat,Surat,Desk,Furniture,7265,4596,1
1951,03-06-2023,2023,Jun,South,Kerala,Kochi,Laptop,Electronics,67764,49383,1
1952,23-02-2024,2024,Feb,North,Punjab,Amritsar,Tablet,Electronics,21592,15967,2
1953,22-05-2024,2024,May,West,Maharashtra,Mumbai,Table,Furniture,10614,6705,5
1954,09-05-2024,2024,May,West,Maharashtra,Mumbai,Mobile,Electronics,17586,14583,3
1955,02-03-2024,2024,Mar,West,Gujarat,Ahmedabad,Mobile,Electronics,20824,15980,4
1956,01-02-2024,2024,Feb,South,Karnataka,Bangalore,Mobile,Electronics,24734,18840,2
1957,03-01-2024,2024,Jan,North,Delhi,Delhi,Chair,Furniture,3062,1925,2
1958,02-05-2023,2023,May,South,Tamil Nadu,Chennai,Tablet,Electronics,18160,14180,5
1959,17-04-2024,2024,Apr,West,Gujarat,Surat,Desk,Furniture,9252,6562,2
1960,28-06-2024,2024,Jun,West,Gujarat,Ahmedabad,Sofa,Furniture,30234,20844,2
1961,08-12-2024,2024,Dec,North,Punjab,Amritsar,Tablet,Electronics,33110,22171,1
1962,09-04-2023,2023,Apr,South,Tamil Nadu,Chennai,Sofa,Furniture,17884,14178,4
1963,04-01-2023,2023,Jan,North,Punjab,Amritsar,Sofa,Furniture,31206,26037,2
1964,17-09-2023,2023,Sep,South,Karnataka,Bangalore,Chair,Furniture,5460,3975,1
1965,18-05-2024,2024,May,North,Punjab,Amritsar,Sofa,Furniture,16281,13217,2
1966,29-03-2023,2023,Mar,South,Kerala,Kochi,Desk,Furniture,7210,5657,5
1967,13-03-2024,2024,Mar,North,Punjab,Amritsar,Table,Furniture,17406,11428,5
1968,21-04-2023,2023,Apr,North,Delhi,Delhi,Sofa,Furniture,26728,19348,3
1969,22-06-2023,2023,Jun,North,Delhi,Delhi,Mobile,Electronics,12794,8874,4
1970,12-11-2023,2023,Nov,South,Tamil Nadu,Chennai,Sofa,Furniture,29620,22472,2
1971,02-06-2023,2023,Jun,West,Gujarat,Surat,Laptop,Electronics,44687,29380,5
1972,17-11-2024,2024,Nov,North,Delhi,Delhi,Desk,Furniture,9530,7732,5
1973,31-05-2024,2024,May,South,Tamil Nadu,Chennai,Desk,Furniture,12116,9756,5
1974,06-02-2023,2023,Feb,South,Tamil Nadu,Chennai,Laptop,Electronics,43911,34120,3
1975,29-07-2023,2023,Jul,West,Gujarat,Surat,Chair,Furniture,4552,3122,3
1976,27-04-2024,2024,Apr,West,Gujarat,Ahmedabad,Chair,Furniture,6702,5065,2
1977,01-07-2023,2023,Jul,South,Kerala,Kochi,Tablet,Electronics,26254,20409,2
1978,15-10-2023,2023,Oct,West,Gujarat,Surat,Mobile,Electronics,18795,13307,1
1979,09-08-2024,2024,Aug,West,Gujarat,Surat,Table,Furniture,11246,8888,4
1980,30-08-2023,2023,Aug,South,Kerala,Kochi,Table,Furniture,15202,10415,1
1981,08-02-2023,2023,Feb,West,Gujarat,Surat,Laptop,Electronics,52211,33309,4
1982,25-03-2023,2023,Mar,North,Delhi,Delhi,Laptop,Electronics,54367,40030,3
1983,08-12-2023,2023,Dec,South,Karnataka,Bangalore,Sofa,Furniture,17719,12874,5
1984,01-09-2024,2024,Sep,North,Punjab,Amritsar,Mobile,Electronics,11703,9784,1
1985,24-09-2024,2024,Sep,North,Punjab,Amritsar,Table,Furniture,7343,5185,4
1986,03-12-2024,2024,Dec,West,Maharashtra,Mumbai,Chair,Furniture,8474,5905,5
1987,19-04-2023,2023,Apr,West,Gujarat,Ahmedabad,Tablet,Electronics,34117,23254,5
1988,11-03-2024,2024,Mar,West,Gujarat,Surat,Chair,Furniture,7595,5415,2
1989,29-03-2024,2024,Mar,West,Gujarat,Ahmedabad,Mobile,Electronics,21264,13511,1
1990,03-03-2023,2023,Mar,North,Delhi,Delhi,Mobile,Electronics,19739,16646,4
1991,30-05-2024,2024,May,North,Punjab,Amritsar,Mobile,Electronics,19808,14136,2
1992,09-01-2024,2024,Jan,West,Gujarat,Surat,Desk,Furniture,11512,8185,2
1993,11-06-2023,2023,Jun,West,Gujarat,Surat,Sofa,Furniture,22149,15916,5
1994,13-11-2023,2023,Nov,South,Kerala,Kochi,Table,Furniture,13758,10687,4
1995,13-08-2024,2024,Aug,West,Maharashtra,Mumbai,Laptop,Electronics,50948,37637,3
1996,02-02-2023,2023,Feb,South,Tamil Nadu,Chennai,Laptop,Electronics,45139,36786,2
1997,12-01-2023,2023,Jan,South,Karnataka,Bangalore,Table,Furniture,9522,5937,5
1998,25-03-2024,2024,Mar,North,Punjab,Amritsar,Laptop,Electronics,48380,40788,3
1999,23-02-2024,2024,Feb,North,Delhi,Delhi,Chair,Furniture,8769,5746,2
2000,17-04-2023,2023,Apr,South,Karnataka,Bangalore,Laptop,Electronics,47822,35389,1
